ion#, endposx (mm), endposy (mm), endposz (mm), endvelx (mm/usec), endvely (mm/usec), endvelz (mm/usec)
1,1014.9999999881,2.2590091421234,3.1209835647855,2380.9262610617,-18.847514877799,-1.2422614086387
2,1014.9999999987,-2.6175255524096,3.1260681772469,2381.6532916057,-6.2157626914332,-18.009373948493
3,1014.9999999903,2.0549316533661,0.088189181824495,2377.5259638448,-5.227068046886,3.3320384541591
4,1014.9999999938,0.86711297570905,-1.6336600730452,2377.371911718,1.6274825619172,4.2652252482559
5,1014.9999999995,-1.3027948959085,-3.6513359379168,2378.9697496738,12.066258397303,4.4850723245594
6,1014.9999999913,3.5477713424449,-2.5252094797501,2380.9695597472,0.033827029494936,16.980483350619
7,1014.9999999895,-0.49365696826424,-1.1055452172626,2377.2466726277,3.4407187984768,-0.05690404544466
8,1014.9999999931,3.8444039100655,-0.75813057591853,2379.0596684965,-7.5740800809707,10.20298231879
9,1014.9999999866,3.303717516547,1.7030924836682,2379.1312633792,-13.506358348083,3.3942071356157
10,1014.9999999841,-2.891760194153,2.8211451342857,2379.146589151,-1.4619344338577,-13.870869108797
11,1014.9999999868,2.3048145064653,-3.7686896094523,2380.657300726,7.3438515505353,15.252741798598
12,1014.9999999865,3.2802172717547,0.76922128371827,2378.5321804548,-10.226247565016,4.8855792472195
13,1014.999999981,0.2743571606365,1.3814046806484,2377.2905871163,-4.1897918824858,-2.6733530450338
14,1014.999999993,-2.1507623899221,-2.6008254443102,2378.3240019519,10.948273346478,-0.71390946061086
15,1014.9999999817,-1.7082663116413,-0.93849306899312,2377.4601971467,5.9824405584532,-3.3031500572555
16,1014.9999999839,2.3064644969019,2.0872646902821,2378.2924909327,-11.355495374677,0.011959295139507
17,1014.9999999816,1.0541527135794,2.3958656489231,2377.8610007971,-8.7371479287833,-3.0000759060917
18,1014.9999999831,2.5946234790865,-1.1584690687545,2377.9334234763,-3.3304754089359,7.2257788142089
19,1014.999999995,-2.2108402390838,-3.0426545194135,2378.814334532,12.505870084214,0.24047533598222
20,1014.9999999995,-1.3676607844338,3.1313774300143,2378.3154260095,-5.1112274799282,-9.7902750871088
21,1014.9999999885,-0.19663653839434,-1.9879231833699,2377.431817218,4.7160194828217,2.5869907654036
22,1014.99999999,3.2615000287237,-0.36815875309732,2378.3003320074,-7.0218137054032,7.2030804049865
23,1014.9999999954,2.0979144651419,0.065812305105823,2377.5454657448,-5.2726743025765,3.4673610930867
24,1014.9999999871,-1.1835481019692,-1.6075887793024,2377.4441692684,6.181631541739,-0.65743146767551
25,1014.9999999926,-0.83258256120169,3.9476597461145,2379.1060941595,-9.2558535623601,-10.711011174308
26,1014.999999987,-0.013646371741044,1.6373036137509,2377.3444487324,-4.1461051296855,-3.7426178403418
27,1014.9999999949,0.44093614261626,-1.0929868155332,2377.2516131362,1.2863753936852,2.1287306169665
28,1014.9999999937,-1.7953319889743,1.4447266549954,2377.6274773206,0.29125379234283,-7.5633832848719
29,1014.9999999983,2.9043583229243,-0.47142755075184,2377.9745395798,-5.8627492841551,6.4536975751825
30,1014.9999999849,2.0650445717616,-1.9519874588023,2377.8945226452,-0.064294318375769,7.7819596031735
31,1014.9999999939,-0.97415711682186,2.8552680588979,2377.9646381102,-5.1528295358929,-8.1937645060121
32,1014.9999999841,1.8017465371991,1.7440147636555,2383.256034736,-18.691294240532,9.1788292563803
33,1014.9999999938,-2.9001082160728,-0.70662879309959,2383.0819018968,10.235650141836,-18.761597127575
34,1014.9999999936,0.83358449328982,2.045928235141,2384.7348191092,-6.9365936098644,19.740606485653
35,1014.9999999817,-3.3395903588412,0.76915914386711,2382.5408143088,3.8364420673076,-20.233133613964
36,1014.9999999828,4.0780814294392,0.29176757799226,2379.8655230234,-11.677405712398,9.3591269100578
37,1014.9999999838,-1.6545446023122,-3.8594139536864,2380.2214752201,15.578046588905,4.1826342498901
38,1014.9999999844,-3.0371295900283,-1.0538051837719,2378.2490606761,9.2524015520286,-6.5761502640314
39,1014.9999999984,-1.0032579591119,-2.5189369996805,2377.8252029471,7.7632961118068,1.9572482880509
40,1014.9999999952,-3.0705041874231,2.2006829617285,2382.0692331036,-2.4641116033188,-19.668636344135
41,1014.9999999835,-1.7423853388795,-2.0321509375735,2377.8223961907,8.4791131043284,-1.0155721755604
42,1014.9999999988,1.5401017658227,-1.0954507431138,2377.4002355717,-1.127047034403,4.6241368386617
43,1014.9999999977,1.0066363089946,2.9777188904685,2378.2052962835,-10.42950197387,-4.2725850175608
44,1014.9999999846,-2.737078792001,-2.3516332803706,2382.2065573612,18.477015643233,-8.9330501853849
45,1014.9999999921,-0.96232464319334,-3.2445760012529,2378.3307007084,9.6034367867904,4.0233850079506
46,1014.9999999923,1.0749291497582,0.37382000825943,2377.2480945885,-3.6287056094309,0.80538722741129
47,1014.999999991,-0.54865486294132,-3.5608181849489,2378.600910122,9.600983258126,5.9642729507375
48,1014.9999999829,-2.8322736720638,2.6257154182819,2378.9164533835,-0.91402822370577,-13.009035070057
49,1014.9999999818,0.21509380513815,1.9942194828405,2377.4855732978,-5.5869772644097,-3.9108879146938
50,1014.9999999901,-0.31366776298619,0.6784899082277,2377.1288456043,-1.1517258195119,-2.7713144597907
51,1014.9999999864,-2.7894745671387,-2.5484630558413,2378.8593503199,12.737416106728,-2.7244168932624
52,1014.9999999989,-0.75090034628925,-3.005228623446,2378.0430409154,8.4139387690767,3.8564711557137
53,1014.9999999902,-2.8212083844152,2.9590159733215,2379.2318551624,-2.0471252171758,-14.02772293539
54,1014.9999999987,-2.4025426600358,2.139560733895,2378.1750746901,-0.29978130461028,-10.490185264877
55,1014.9999999913,-0.011341301239667,-3.9540546899296,2379.0980732951,9.9424191302815,8.5310746954132
56,1014.9999999844,-2.136612853046,-0.97692364034427,2377.6790274011,7.0510508760582,-4.2891073075123
57,1014.9999999961,-2.5637909802046,-0.66778347730412,2377.881138628,7.2404614312762,-6.0133385856047
58,1014.9999999833,-0.36648757296153,-3.8351104709578,2378.9175137077,10.238327236067,7.3024175298378
59,1014.9999999857,0.62361798436064,3.9005827487763,2381.2159863724,-17.939420536387,-8.046302723764
60,1014.9999999973,-2.8486105824932,-1.7587862934264,2378.3507880535,10.623855865398,-4.6227401689746
61,1014.999999986,-2.6455299145758,0.80170471279235,2377.9506851916,3.6471412698646,-8.7421697962684
62,1014.9999999832,-0.19228044730841,-1.678623806387,2377.3171894294,4.0120639477423,1.8942699995478
63,1014.9999999927,0.15347746773873,-3.7677491218549,2378.8292573478,8.7805715814323,8.2212315766025
64,1014.9999999867,4.1172414937641,0.29493284460081,2380.4979769392,-12.333659779793,10.613819514765
65,1014.9999999911,2.3363156891159,-1.1085312096649,2377.7579620919,-2.8732190858536,6.4788942326579
66,1014.99999999,1.2618769427578,3.5215988121579,2378.9519625593,-13.418135294199,-5.075080121594
67,1014.9999999897,-4.0925425318429,-1.0107749684468,2380.5123090357,12.860378672754,-12.14576299545
68,1014.9999999813,-0.43352220306976,1.4873411584783,2377.3105530703,-2.8021144093701,-4.3983954090825
69,1014.9999999999,2.9020646647712,-0.44513205770576,2377.9717599652,-5.9230950281791,6.3895390051015
70,1014.9999999826,3.9110505224502,-0.10121214519455,2379.1742835836,-9.6579041642264,8.9214359426604
71,1014.9999999875,2.7183761662268,-0.44517128780419,2377.9227414157,-5.4848851953745,5.9195264978333
72,1014.9999999947,-0.76158495056666,-1.7419158245827,2377.398825165,5.4771899066121,0.64268412854055
73,1014.9999999864,-1.851876355797,3.9161440857235,2379.8695980265,-7.4832606851653,-13.932428300569
74,1014.9999999993,0.68495039401422,2.6486741175788,2377.9209823981,-8.5325211649113,-4.2067631638887
75,1014.999999996,-2.8211487101687,0.68471790543415,2383.1959043389,0.38502214586544,-21.192363884905
76,1014.9999999951,1.4579503014235,2.9407616917041,2378.4046550921,-11.64479941083,-3.3576753147336
77,1014.9999999907,2.3920136154168,2.316149240836,2378.563060415,-12.429108052196,-0.24483358772416
78,1014.999999994,1.0110945822449,-3.3575983974526,2378.4156453449,5.8534199669522,8.8758800333195
79,1014.9999999822,1.8723811930027,-1.458879922925,2383.9050590206,14.449953104334,15.248182470457
80,1014.9999999914,0.99987584144052,1.5686400086892,2377.446017494,-6.3762105756855,-1.5673133067477
81,1014.9999999948,2.8338500117566,0.739375313453,2378.0706179886,-8.8912841260971,3.7705634485979
82,1014.9999999994,0.99892369757909,1.9838576085401,2377.6183452632,-7.4639264505691,-2.3340363864841
83,1014.9999999984,4.0124162989535,-1.5499851328885,2380.287568096,-5.5639680446793,14.509145758416
84,1014.9999999974,-1.093726055591,-0.21180337535233,2377.2449891578,2.8031662268138,-3.1525247062039
85,1014.9999999888,-2.1976816332997,1.9774380996439,2377.956853108,-0.25525134405477,-9.5872827023936
86,1014.9999999996,1.6908813276176,-0.30013635570285,2377.3682968244,-3.4053954172397,3.3183640588522
87,1014.9999999961,-1.0545992496393,-2.8928048066943,2378.0224061604,8.8333343586941,2.8230079310323
88,1014.9999999932,-2.0730798894627,-2.6484955141399,2378.3074547788,10.858444756237,-0.38477800715659
89,1014.9999999879,3.9966824209514,-0.55578278667399,2379.3700265039,-8.6325798546361,10.4777830288
90,1014.9999999838,0.054945518597652,-1.3279755506087,2377.2499825558,2.6620573839024,1.7159561242956
91,1014.9999999842,0.51590793670519,3.3681999882068,2378.419372209,-10.420623187747,-6.1024832886147
92,1014.9999999909,-2.8432185797697,-2.0874666758751,2378.532573729,11.493578773916,-3.9230143124719
93,1014.9999999956,-0.56662157187931,3.3979733031156,2378.3683473755,-7.7618524698884,-8.4735290978385
94,1014.9999999959,2.2028689672238,1.7095015974342,2377.9751014387,-9.887989540705,0.50028207903385
95,1014.9999999823,-2.7543351480865,-1.593492398782,2378.1926784239,9.9708275968889,-4.7066904210793
96,1014.9999999819,3.3597439087911,1.1094348734495,2378.8024030639,-11.530085863282,4.5098119880625
97,1014.9999999911,1.763273912994,3.2728141201777,2379.0299531512,-14.154622541214,-3.5285674672076
98,1014.9999999897,-1.6544806102993,3.9054426268736,2381.1071698378,-10.511340238695,-15.300432214999
99,1014.999999999,-0.91131157413662,3.3666153280814,2378.39473139,-6.8578608715276,-9.1968954287555
100,1014.9999999991,3.4817209303325,-2.0137214297719,2379.0435990922,-2.7533603266808,12.284424811491
101,1014.9999999883,3.614225325678,0.783193590615,2378.9381192293,-11.351382873345,5.9872891937577
102,1014.999999996,3.9980128217708,0.04309508039932,2381.2221240766,-11.843493871755,13.023010911138
103,1014.9999999916,1.3014202071801,-4.0331547313326,2379.6694287496,8.4018267127908,12.123210727245
104,1014.9999999958,-4.0801565870544,-0.21878664018055,2381.1697702763,10.666266264299,-15.638993220541
105,1014.9999999826,-1.617768771303,1.369184382144,2377.5344424878,0.11121808081518,-7.0008689476916
106,1014.9999999945,-1.5192900682201,-3.9035887508073,2380.0863160047,15.040767306363,4.7677772862276
107,1014.9999999855,2.3536453862577,-1.5658466617164,2377.9049339909,-1.73638589986,7.5976325745079
108,1014.999999994,1.7184106091452,-1.9871303551385,2377.748227807,0.7354849845847,7.0336012895743
109,1014.9999999875,1.832779845896,0.76573601016252,2377.5180699079,-6.3978938459856,1.5570547989432
110,1014.9999999854,-2.8034135797362,3.252117991915,2380.9608105044,-4.6666559415858,-17.293555374932
111,1014.9999999932,3.5417266276722,-0.48446483149982,2378.632732601,-7.4562851214576,8.3466613023164
112,1014.9999999936,-1.4879446699987,3.5505971375023,2378.8298026232,-6.2378610581538,-11.18378669484
113,1014.9999999955,2.3496481639272,-1.4213985577238,2377.8473020107,-2.1079136529762,7.2393717030611
114,1014.9999999966,3.1350137255559,-1.3359199528027,2378.3414967703,-4.0804133998197,9.1520613819685
115,1014.9999999836,1.763081521692,1.4276227118853,2383.6514428974,-16.119680760411,12.997267390545
116,1014.9999999982,3.2218306229369,-0.43443438807522,2378.2619014787,-6.7436637819892,7.2395630168728
117,1014.9999999823,3.8696487637706,0.45643569938941,2379.2726881031,-11.232918410854,7.6723454816551
118,1014.9999999988,0.0031641292775815,-1.8316950529603,2377.3681081645,3.9264744381169,2.6988028948627
119,1014.9999999951,1.8742582307084,-0.0060968656768618,2377.4387616197,-4.5595392410228,3.1268485451305
120,1014.9999999909,-1.8088876984818,-3.3218597653471,2378.8556900048,12.249276899206,2.1185757584611
121,1014.9999999905,0.26227255485261,-2.3261724239677,2377.5975858349,4.5253058507378,4.4738995920109
122,1014.9999999823,3.0229290195677,-2.0498736183242,2378.5577371657,-1.7000125509742,10.686543951133
123,1014.9999999983,0.85170781151574,-2.0724920274901,2377.5335262413,2.70778990367,5.2281879472138
124,1014.9999999943,-1.4889155552088,-2.9442030871149,2378.2385813173,10.095667545701,1.9023401123884
125,1014.9999999925,-0.64311728931212,-3.389053353496,2378.4090539443,9.2749490092022,5.2141629685254
126,1014.9999999846,-2.401031610707,-1.1362425882265,2383.4189110125,11.360273215435,-18.597525713911
127,1014.9999999842,2.5394183724614,-0.052580771417401,2377.8018416776,-6.0456219375552,4.6645973437253
128,1014.9999999862,1.3901765693089,3.7880713259393,2380.180995131,-16.708626926263,-5.6243623534136
129,1014.9999999958,-4.1737714980368,-0.49872399293129,2380.1408754715,11.074852125607,-12.75688458723
130,1014.9999999956,2.1991803327857,-2.898923470437,2378.508314416,2.4853628308128,10.56467154069
131,1014.9999999825,-1.6899013926804,-1.7025884844526,2377.6602404005,7.6279172735433,-1.6322394999239
132,1014.9999999875,-4.0625360681001,-0.8501319653489,2379.7763147947,11.655446972819,-11.124941911212
133,1014.9999999954,4.1432006378306,-0.56664654947865,2380.7854611819,-9.5697840837377,13.579563887074
134,1014.9999999841,0.95384026935151,3.0488028827386,2378.2440487839,-10.512280431668,-4.52549284355
135,1014.9999999867,2.383526542464,-3.0798990488383,2378.8282412968,2.8178715018618,11.622688023213
136,1014.9999999894,3.0687715221826,2.1106460630771,2381.3266785587,-18.257875484811,4.8573325257887
137,1014.9999999866,0.20445391193577,3.331050046078,2378.3064976746,-9.4440014481385,-6.6282618185204
138,1014.9999999904,2.8669863598553,-2.2877813826163,2378.5581010079,-0.64321500398121,10.856306458128
139,1014.9999999928,3.2470552483556,-2.945482359713,2379.8400707612,1.3380631115021,14.767806196797
140,1014.9999999884,0.38665137431418,-4.040892495129,2379.3152962645,9.6402752706631,9.8002780093297
141,1014.9999999888,-2.8554091201734,1.9967709855288,2378.4612627589,0.92829626191275,-11.605658555089
142,1014.999999998,0.47785064797606,0.85291664380613,2377.2522780164,-3.3914128721684,-1.2946068287837
143,1014.9999999964,-3.4693110890486,-2.4385695460307,2380.2563758358,15.822491535988,-6.2899048177301
144,1014.9999999853,-4.1413265506114,-0.72279998672546,2380.6373899235,12.133272517134,-13.179805981868
145,1014.999999982,-2.2097648085225,-2.5577748986343,2378.3330887826,10.997841412767,-0.9829260052888
146,1014.9999999963,1.0698745770944,-1.7020834489178,2377.4335351574,1.3651085386102,4.8692287537993
147,1014.9999999986,-2.1891108857312,-1.1001377436041,2377.7307239405,7.4733135690663,-4.1857049088444
148,1014.9999999922,1.6915492270884,0.7505179012177,2377.450932884,-6.0146128577335,1.305903757439
149,1014.9999999826,-2.0883346544777,3.538706895268,2379.1887752289,-5.1922655723007,-13.033651174969
150,1014.9999999909,2.3235994246201,2.0573775731423,2378.2850691232,-11.311839043906,0.10456919469514
151,1014.9999999902,0.36770574835712,0.11846698496645,2377.1600008265,-1.3941592576627,-0.3187337757993
152,1014.999999991,3.7309051045279,-2.2173307022763,2379.9694752555,-2.4365637917332,14.723876485339
153,1014.9999999978,0.32766442597508,-0.89987426280135,2377.2111309491,1.0960301022782,1.470383957338
154,1014.999999997,-0.72387810614106,-1.3475006463799,2377.2923056374,4.5174946704236,-0.10583070512049
155,1014.9999999817,-1.1353338504839,2.1196432070326,2377.6584912763,-2.8030107335005,-7.1242693815827
156,1014.9999999947,3.4510638053447,-2.7122018560775,2380.8492641644,0.92505706088587,16.803473505159
157,1014.9999999877,1.1004624452836,-3.6783475795482,2378.8538363751,6.7907202046891,10.075283742636
158,1014.9999999949,1.688791240965,2.212839405162,2377.9498347215,-9.9211740446301,-1.4571913487302
159,1014.9999999987,0.9502255472369,-1.47572773264,2377.3440468822,1.0717094587962,4.1019941074096
160,1014.9999999852,-2.5513824282859,1.0662615407354,2377.9422283627,2.7895234698423,-8.9283883422724
161,1014.9999999909,1.2137270514088,2.5835874897302,2382.820080488,-21.418765230063,0.79367304836194
162,1014.9999999828,3.7038108086282,-0.033776896334082,2378.8817715901,-9.1742772418698,7.8640788641907
163,1014.9999999905,0.09596595150705,2.7308343429467,2377.8788816978,-7.2987078091077,-5.5513863360595
164,1014.999999987,1.129120494749,-1.9190540918549,2384.101400409,20.611137492686,5.2979131857678
165,1014.9999999908,-3.6585993989498,-0.99208838130775,2381.9180440517,13.467108356615,-14.897960289934
166,1014.999999995,-2.4285814957408,3.360714846031,2379.3093502553,-4.0417404533865,-13.736075368084
167,1014.9999999875,-0.69546854387058,4.0285972527326,2381.2939471052,-14.555957642296,-12.739906175175
168,1014.9999999893,0.72760267739753,-4.1827752838291,2379.9835142146,10.368290145943,11.507421227711
169,1014.9999999836,3.0715356570225,-0.36261527511084,2378.1188459321,-6.5539898860286,6.6682666182092
170,1014.9999999827,3.2538855949225,-2.7371010793106,2381.3536644095,2.5476453913032,17.73924646721
171,1014.9999999929,1.062745704887,2.7814878646153,2378.0560709836,-9.9431053704632,-3.7543834682055
172,1014.9999999915,3.3482165027183,-0.96971764243456,2378.4669791852,-5.635335851039,8.8977687983078
173,1014.9999999925,1.4799238826098,3.7252303485389,2380.5290344223,-17.586170703485,-5.2371460759085
174,1014.9999999957,-2.9544737138063,0.4501861494484,2378.0483070877,5.1545814391164,-9.0054105755035
175,1014.9999999987,0.10494927983703,-2.6636230283912,2377.7957884562,5.6688443006999,4.9440489332073
176,1014.9999999986,2.1951041891112,-2.0762327982468,2377.9410441086,0.014965311151394,8.4320978766601
177,1014.9999999907,-3.0734776568727,-2.5331977416738,2379.1598102377,13.745875983552,-3.7743154927401
178,1014.9999999904,-0.28510245613125,2.2497350453344,2377.5962798913,-5.074373775497,-5.4435761396993
179,1014.9999999819,3.1303456013698,2.147455690774,2379.3998977401,-14.796450419695,2.2295417785304
180,1014.9999999978,-2.4880463954633,-2.0369982843399,2378.1950405429,10.407903912434,-2.9972398025994
181,1014.9999999822,0.78880679657118,3.8894385451156,2381.0946991617,-17.983098618865,-7.5082984765427
182,1014.9999999928,-0.31662286417097,-3.2746855012283,2378.2323590526,8.1684038369603,5.6313382154796
183,1014.9999999844,2.5592916437763,1.1342496406791,2383.0438234236,-15.526962919981,12.768847243958
184,1014.9999999944,3.9585053498191,-1.2690977537829,2379.5461273192,-6.3835695972129,12.349935880647
185,1014.999999992,-3.110280912118,1.417259664486,2378.4199582649,2.9553711658013,-11.244315885679
186,1014.9999999892,-0.46477993297575,-1.6246109774286,2377.3195069939,4.5128121783823,1.1264022469916
187,1014.9999999816,-3.2600125615593,2.6565397627608,2379.6380326091,-0.41087549013485,-15.271707499673
188,1014.999999992,2.3250974692609,-1.1444547512167,2377.7598773106,-2.7559312881665,6.5348376039557
189,1014.9999999919,-3.1813580235274,1.9778685964826,2378.7997405303,1.5974009915295,-12.711296767849
190,1014.9999999855,1.7237561997782,3.1483486575837,2381.7319442457,-20.177266926148,-2.0253667755042
191,1014.9999999874,3.0268415938862,-2.6944845518262,2379.0095609881,0.50620185976624,12.637214323536
192,1014.9999999843,-2.800977117092,0.078950995207311,2377.9967023383,5.817945933083,-7.9580695063959
193,1014.9999999997,-1.4387038475404,-0.38606383061835,2377.3087061374,4.0338973128006,-3.6898927419494
194,1014.9999999891,-0.0064367393572841,-2.018362842449,2377.4377568149,4.3652230991508,3.1082474855606
195,1014.9999999897,0.05361669881021,2.3159487603917,2377.6237415185,-6.0490599539533,-4.8419989646195
196,1014.9999999824,1.2055642610894,3.6396544702583,2379.124931358,-13.823379608484,-5.4892347407481
197,1014.9999999954,-2.0392919089072,3.2603974861948,2378.8301245389,-4.2386745427565,-11.976497801905
198,1014.9999999872,3.8265832041109,0.88429793116219,2379.4711071275,-12.555655809945,6.7939404924835
199,1014.9999999989,0.69182021200711,2.9134248699624,2378.029984849,-9.352152004518,-4.7399124395437
200,1014.9999999938,-0.74597515581516,1.7322277906673,2377.4232282545,-2.6971443584782,-5.5268503374646
201,1014.9999999908,2.6734174300034,-1.4832851412943,2377.9927929243,-2.6452864306338,8.2201400131512
202,1014.9999999996,1.4124106115143,-1.5100511349919,2377.457786448,0.16123679682293,5.2337271663345
203,1014.999999992,2.5743904256394,-1.5793311776778,2377.9621322642,-2.1702786487327,8.200005892313
204,1014.9999999937,0.32227596173867,-3.6954791169483,2378.7281352446,8.2034991593418,8.363734617738
205,1014.9999999823,0.89880853742803,-0.3245869902379,2377.1877546386,-1.5403157380806,1.6815779107032
206,1014.999999989,-1.8373084094684,1.498182247797,2377.6672416695,0.24319860338565,-7.7598360160685
207,1014.9999999854,3.0982546612688,-3.2104830294878,2380.4484445683,3.3468479008574,15.929111532079
208,1014.9999999946,0.70030590873006,2.3375360177626,2377.7261162032,-7.686284736928,-3.5662833345924
209,1014.9999999932,-3.0381820803083,-0.15604911000106,2378.1055233105,6.9158302520908,-8.2134906515784
210,1014.9999999885,-1.5005975542013,-1.5021791164811,2377.5166097832,6.7360783217032,-1.6500706319204
211,1014.9999999836,4.1464895666702,-0.23542524250478,2380.7817505709,-10.767144576821,12.70815592294
212,1014.9999999859,2.9800542635624,-3.0613447836053,2379.4423282861,2.0394479605044,13.785403419831
213,1014.9999999835,-4.1027370988621,1.1265374340924,2380.3966674141,5.8618328088272,-16.193450148353
214,1014.9999999884,-1.9288832315537,-3.2239302330794,2378.8094658789,12.259388414424,1.5026639468139
215,1014.9999999966,-3.9106772377833,1.6180917409327,2379.9225746114,3.9716065546015,-15.65733557431
216,1014.9999999898,0.3499677636901,-1.7070129577972,2377.3358922806,2.8989331168297,3.2361222892923
217,1014.9999999944,-2.8461464852596,-0.33148767631734,2377.9578573331,6.9720287245814,-7.3782010138386
218,1014.9999999947,3.0540468297649,-0.38774549380355,2378.1042133492,-6.4450948632186,6.675488957373
219,1014.9999999924,-0.24410922872264,-2.9834230568539,2377.9549265487,7.21019465678,4.9905373682363
220,1014.9999999995,2.752346636195,-3.440017877915,2380.9471993161,5.8295438113914,16.371401608854
221,1014.9999999959,-1.4495519201989,-3.9373440585893,2380.2237725429,15.255903636077,5.0869898836271
222,1014.9999999999,1.0652345788391,-2.0176186091641,2383.9528106484,19.899497029403,7.0998585649844
223,1014.9999999999,0.52085107117788,-4.2084873197298,2380.3996130229,11.644423775553,11.508810534784
224,1014.9999999982,-0.82128812639652,-2.2240486455353,2377.6145843105,6.6591040072891,1.6572534761236
225,1014.9999999964,-2.0289251470518,-3.6848686972073,2380.4192013922,16.509863755916,2.3084645030289
226,1014.9999999971,1.9280233047571,-0.57090163322386,2377.4707575584,-3.2976885350775,4.3677097653463
227,1014.9999999863,-2.9370882748595,2.2451600128989,2378.713482521,0.38954288890345,-12.454905892135
228,1014.9999999851,-1.4210841328307,4.011659976619,2379.6164852543,-8.5122213587768,-12.768397981861
229,1014.9999999965,-3.6638581726545,-2.1043797335251,2380.6166210057,15.771090017791,-8.4075303655339
230,1014.9999999956,3.0560700209499,0.77285574032526,2378.2842500506,-9.5975370674054,4.264082011723
231,1014.9999999857,-1.2827904973558,-3.9844823212883,2380.0959667849,14.647271095469,5.7589033293748
232,1014.9999999877,-2.503684737482,-3.1105308575534,2381.413174401,18.759271487513,-2.7479876731944
233,1014.9999999838,-0.11416033647766,-1.2729102045199,2377.246472244,2.9185514952692,1.2006238546659
234,1014.9999999989,-0.60171456147333,3.6382480976006,2382.1102547751,-16.715130488977,-12.032758075963
235,1014.9999999906,1.5212394332207,-0.78204692665118,2377.3484051124,-1.8470844918741,3.910973556165
236,1014.9999999912,1.1803567352798,-3.3429328076206,2378.4491526655,5.5230306682459,9.2277409388031
237,1014.9999999926,2.0319242008644,-1.1137523859427,2377.6020486325,-2.1686721490229,5.7676387701497
238,1014.9999999991,-1.7982028194024,-1.1392332313572,2377.5400247316,6.6609119267437,-3.123827610824
239,1014.9999999845,1.1952484922356,1.161621637656,2377.3776807013,-5.8353605199652,-0.42483315267984
240,1014.9999999906,-3.3758626578314,-1.1489667315097,2378.6414920448,10.334665339275,-7.4278083151517
241,1014.999999992,2.8672684331692,-3.4159655794534,2380.3156950272,4.4730590563882,15.461801837847
242,1014.99999999,1.2183574512874,-1.9371996918649,2377.5594878608,1.6303632032361,5.7557475689156
243,1014.9999999836,0.29541179776538,2.6236245741434,2377.8267268013,-7.4825476745399,-4.9344934913257
244,1014.9999999968,-2.5434347235219,-2.4157880804469,2378.4909117595,11.570837810576,-2.2843600561436
245,1014.9999999963,3.037033110674,1.4675116007771,2378.603624526,-11.646442129374,2.929833804402
246,1014.9999999918,-0.42814774365727,-2.1664325654688,2377.5263756379,5.6373273253079,2.4746420149451
247,1014.9999999913,2.8508340667793,-3.0585454469755,2379.2284905249,2.1493768519689,13.20791320661
248,1014.9999999997,-0.35132505231972,0.35638501409818,2377.1705499015,-0.29455860508967,-2.3449069787719
249,1014.9999999866,1.0977546391088,0.21092924975314,2377.2459472087,-3.2831906495509,1.137215465579
250,1014.9999999955,-2.5065469187983,-2.5508163519089,2382.2526997331,19.103402875954,-7.3944452188487
251,1014.9999999823,2.0397763261809,-0.28342785188269,2377.5117540151,-4.2589836968338,4.0286839948077
252,1014.9999999943,3.4677476705426,-2.740993672286,2380.6144902799,0.72400569463604,16.377262017635
253,1014.9999999859,-4.1045634061802,1.0378745293644,2380.0840740077,6.1267941621648,-15.386529633785
254,1014.9999999983,0.00780966085732,1.9877472128295,2377.4670183171,-5.0796927453967,-4.3299363732732
255,1014.9999999929,2.7393121180832,1.9092743986738,2378.5792414676,-12.14432213307,1.349529631963
256,1014.9999999971,1.0217916277038,0.89261736487588,2377.2896920467,-4.7712129731267,-0.25001124071865
257,1014.9999999864,2.3479692740102,2.6007431127042,2378.8192392705,-13.373119746977,-0.87783798108379
258,1014.9999999892,0.92175861956564,-3.6955005165332,2378.8231340646,7.1418664812643,9.711300982469
259,1014.9999999923,-0.88566501997333,-3.1658618219067,2382.6486163754,20.030092665506,2.5944262664686
260,1014.9999999894,1.4522104799422,2.7968466331306,2378.2592855086,-11.107828532418,-3.0687388147462
261,1014.9999999928,-3.4666041263156,0.79340867073051,2378.6114818054,5.310849939976,-11.236596943888
262,1014.9999999887,2.3422764363671,-2.6961986823892,2378.4308308033,1.5995195599093,10.415171173854
263,1014.9999999915,1.9790424120799,0.8997236097585,2377.6180884511,-7.0902680302459,1.578285432157
264,1014.9999999884,1.4046730123649,-3.7733082307454,2379.0639056936,6.8039811289913,11.209036235104
265,1014.9999999928,1.5654123266113,0.21242018431528,2377.340517598,-4.372040460756,2.0737756970674
266,1014.9999999866,3.6032761355235,-2.2878374672491,2379.6066653591,-1.9773245205998,13.965838875041
267,1014.9999999965,0.66098172434404,0.026552838049118,2377.2043410779,-1.8425528564095,0.50979554505675
268,1014.9999999857,-2.3164911300204,1.4809205422604,2377.9159898254,1.261299316905,-9.0025880764592
269,1014.9999999949,1.362533607496,0.75238213636917,2377.3449980936,-5.2345022542435,0.67631213138817
270,1014.9999999926,-2.4246742423418,-0.79278991790223,2377.8104032057,7.2492090783869,-5.4067515505514
271,1014.9999999925,-0.3478913582558,3.8098912282078,2378.8706849245,-9.8065292179886,-9.0869590665236
272,1014.9999999932,1.0788354262199,1.6281003687531,2377.4965204544,-6.7206849704535,-1.5266947560176
273,1014.999999999,1.5221101186287,-0.3281831554859,2377.3123697238,-2.9455289464878,3.0100470287153
274,1014.9999999847,-2.62647369385,2.5975531546559,2378.6803525535,-1.1808770230136,-12.207140181439
275,1014.9999999958,1.4520524714656,-0.48497234494983,2377.3064511452,-2.4102807385588,3.1672177873908
276,1014.9999999971,0.82936784503338,1.9822620665933,2377.5812016612,-7.0503310780505,-2.6557710149908
277,1014.999999997,-1.3377020692982,3.687969782645,2378.8631992722,-7.0485519987105,-11.224875114603
278,1014.9999999938,0.95806698566362,-0.20372896865434,2377.1730963396,-1.9557002036165,1.5835177164712
279,1014.9999999985,3.5719070607085,-0.021687332141271,2382.1595202935,-10.963054014708,15.350852117854
280,1014.9999999824,-0.64152443595846,-3.6328805705278,2382.0050059785,17.915641926665,6.826483805923
281,1014.9999999968,0.13358657337719,2.2804709705716,2377.6122209437,-6.1466893874268,-4.6103662164837
282,1014.9999999954,3.2989044465481,1.060527577981,2378.696748794,-11.182870424249,4.4125791717542
283,1014.9999999916,3.0826420393584,-1.3230039233478,2378.2817516794,-3.9927317899775,8.9567414971582
284,1014.9999999987,1.8561958465707,1.3561521802127,2377.7024583149,-7.9649485113789,0.46555416664826
285,1014.9999999998,-1.3662368367828,-2.6486924516117,2383.1013215022,20.584553574326,-4.9692992451664
286,1014.9999999853,-1.7074697331626,-1.0654917017191,2377.4913979978,6.2694039808268,-3.0424793549573
287,1014.9999999838,2.8277062846691,1.8846062987334,2378.6707715586,-12.367363217517,1.6299307020843
288,1014.9999999872,-3.0465859547222,-2.6456385479578,2379.2797186839,14.106449198997,-3.4693907868845
289,1014.9999999912,-2.7174202046954,0.11231536555708,2377.9351292782,5.564318728385,-7.7899509174386
290,1014.9999999962,-3.3745698212835,-1.5976167312085,2382.0035901944,15.743347927878,-12.81853646326
291,1014.9999999946,0.53142261886,-3.1714232620685,2378.136690664,6.1663600507996,7.2698094037758
292,1014.9999999912,-0.95736696253526,-0.83674254128167,2377.2578626423,3.965006745958,-1.7237040453718
293,1014.9999999833,-0.94947755829354,-3.0687927213603,2378.1526359581,9.0736736599777,3.5605970249035
294,1014.9999999888,0.73466530883537,0.61642928110917,2377.2527544182,-3.4321587237141,-0.3314654713608
295,1014.9999999905,-0.98204874745796,1.8516832625855,2377.5097557479,-2.4653530840734,-6.2786400346987
296,1014.9999999834,-1.855862176394,3.1727805456177,2382.2826996371,-11.411744164735,-16.702529724207
297,1014.9999999912,-3.6891949510675,-0.90257889419734,2378.9051741845,10.472584548774,-9.0072702781018
298,1014.9999999912,2.1271609952755,2.8837264722456,2381.697667836,-20.018006389608,0.11895004071841
299,1014.99999999,2.3763635755147,2.8367505176027,2379.1206296728,-14.620202674809,-1.2327755459048
300,1014.9999999988,3.8958265469056,0.94502666078569,2380.861147845,-14.542783303248,9.1168727633264
301,1014.9999999941,-3.031304572535,-2.3598007455453,2378.8935489173,12.944922180864,-3.9593042195244
302,1014.9999999866,-4.0593897676847,-0.35080148541562,2379.5149083482,10.005080535662,-11.734852719647
303,1014.9999999827,-2.4476569941897,-2.9123764137741,2381.9083310322,19.257726834649,-4.3164113655605
304,1014.9999999977,2.6182533636801,-0.11874324742842,2377.8446536723,-6.063465105982,4.9826673059083
305,1014.9999999963,-2.2427029724353,3.6163254165315,2381.1450907032,-7.9169142425284,-16.627879472522
306,1014.9999999835,1.9112273258848,0.67384842236371,2377.533252211,-6.3588451771256,1.8919978992637
307,1014.9999999877,1.6747539949066,0.79451536791308,2377.4531193942,-6.0838812829797,1.1868831270123
308,1014.9999999945,1.1266454207069,-2.1103313596878,2377.6134163117,2.240817803968,5.9418661820248
309,1014.9999999907,-3.3410014327275,0.59538945431146,2378.4312120295,5.5626228544695,-10.452419172292
310,1014.9999999945,3.0625463057595,-1.1371480565106,2378.2175656755,-4.4619247365959,8.4444509382513
311,1014.9999999896,2.090432614942,-3.5788938458092,2381.4696047523,9.2516423353383,16.017982056829
312,1014.9999999875,-2.4098546462651,1.8604302438453,2378.0333397465,0.45947629082815,-9.9610096788335
313,1014.9999999891,-2.3939799275981,2.1703452005742,2378.1874144983,-0.39890077000248,-10.526128653362
314,1014.9999999983,-0.90490046496727,0.89888326143062,2377.2622148583,-0.31426765115762,-4.4942619196052
315,1015,1.8793771112826,-2.9518221212579,2378.3668195039,3.169077517276,9.8602195859998
316,1014.9999999886,-2.845397079954,3.1627729262334,2379.7037007804,-2.861450014032,-15.063881576572
317,1014.9999999885,3.7911487663287,-1.2162983387127,2379.1051008901,-6.0757715366183,11.204806199646
318,1014.9999999948,-1.393359116801,4.0363353252786,2381.0191532542,-11.226335642559,-14.507060502352
319,1014.999999987,0.80703027444356,-0.94040064751945,2377.24755301,0.12894352727915,2.6723273498452
320,1014.9999999839,1.1586933809253,2.4448078480702,2377.9340628709,-9.1652123195734,-2.8959160044517
321,1014.9999999972,2.7416291643066,0.53674730390503,2377.9403727051,-8.0938484425827,3.9427461392694
322,1014.9999999942,1.1346946573654,-1.568415026885,2377.4070781119,0.9042458013846,4.7249293837354
323,1014.9999999969,0.4813652979205,-0.20916551448616,2377.1296238117,-0.87475949854131,0.50073850211061
324,1014.9999999905,-1.1911861377744,3.9879740248027,2379.3614343398,-8.7220572135937,-11.902405677398
325,1014.9999999909,-0.4132384842578,2.1862028546211,2377.5723486917,-4.6098345611126,-5.6089640260646
326,1014.9999999947,-0.3346210667221,1.6793457488526,2377.3635647685,-3.5060218100293,-4.5190578001217
327,1014.9999999982,-2.4977658353049,-2.5672268890911,2378.572501355,11.872790360522,-1.785088897212
328,1014.9999999892,1.2574706920532,-1.774782066144,2377.5078642453,1.1499996989741,5.4642689867953
329,1014.9999999872,-3.6497979392748,2.0428801877373,2380.9958944727,1.4711033230365,-18.311137164452
330,1014.9999999991,-1.2729363023638,0.5270213402988,2377.2868781267,1.423338421672,-4.7931102002752
331,1014.9999999934,3.0558688869492,2.4179096189278,2379.9008922569,-16.214189245992,1.8074883912914
332,1014.9999999916,2.7502134972542,-3.2523465858662,2379.3987849877,3.1409039442079,13.549578311714
333,1014.9999999957,1.7481394399087,-3.8639001022096,2379.5293851371,6.957392141159,12.613741851587
334,1014.9999999829,0.022190631865029,-3.9296952940621,2379.0424020887,9.7602391460349,8.5171426660555
335,1014.9999999981,1.4271981513904,-1.7750320830741,2377.5543193042,0.79644066210383,5.8639806917936
336,1014.9999999965,0.76166987147267,2.5491112928721,2377.8695432158,-8.424296299613,-3.8563753143299
337,1014.9999999876,3.3056389359017,-2.1912748664223,2378.918483009,-1.7956929155598,12.115596393833
338,1014.9999999857,-3.0082452102682,2.7215740488091,2379.1939557952,-0.9540983174116,-14.073851979187
339,1014.999999992,2.8949102051569,-3.2988158018325,2380.945184584,5.1382966980853,16.70820532449
340,1014.9999999906,2.8959340767732,-3.3031808494983,2381.0332384826,5.1400604570674,16.703402004266
341,1014.9999999893,4.0642838903144,-0.58623678465953,2379.5778828615,-8.7775305108686,11.029872450501
342,1014.9999999942,0.27784251569019,2.2066821824798,2377.5929328048,-6.2997851527315,-4.1755467249847
343,1014.9999999863,-0.21348628463514,-2.8043100459833,2377.8997251909,6.6807801954224,4.5715102798231
344,1014.9999999818,1.349467950136,-0.0071496545060797,2377.2680295953,-3.3251571542119,2.0395460486711
345,1014.9999999964,-0.63825265036442,0.72377217454714,2377.1626210599,-0.50006355703928,-3.5915838063516
346,1014.9999999965,-0.53129092523397,-1.626816826574,2377.328280558,4.6715444591465,0.96344459779459
347,1014.9999999994,3.7583088368761,-0.13513386613666,2378.8740120305,-9.0578902252687,8.3232594943709
348,1014.9999999984,-1.5703599734416,1.5475505413501,2377.5791502019,-0.43430190529221,-7.1830239210843
349,1014.9999999926,-1.2898480519782,3.1390133432504,2378.2908604309,-5.2902918273103,-9.6092449323704
350,1014.9999999852,-2.1548293265214,-3.4633700399726,2381.1208873065,18.250514872823,0.42993926588971
351,1014.9999999972,4.1432995459762,0.10379553715271,2380.1940881687,-11.500194022404,10.563792244718
352,1014.999999981,-1.4605083758139,-0.99906936006732,2377.3807452837,5.5207786202624,-2.5865097950176
353,1014.9999999907,2.6688654722988,2.3600108802424,2378.856644667,-13.637360610709,0.37614414306531
354,1014.9999999906,-3.5620829679786,2.1603790079362,2381.0806784153,0.75552534897633,-18.478378637103
355,1014.9999999874,-1.1431173505892,2.4775692662446,2377.8465085568,-3.7321863113556,-7.8216264216172
356,1014.9999999859,-2.7771414166017,0.68538883280863,2377.9433185473,4.2058397651022,-8.9102666674149
357,1014.9999999986,-3.7433778660862,1.4206424664633,2379.2037002712,4.2261508185802,-13.756250563073
358,1014.9999999935,-1.346090085282,-3.9410188033327,2379.8678703231,14.241168900848,5.4129386080867
359,1014.9999999833,0.55920296060952,1.9918803392018,2377.5222297124,-6.4145131437575,-3.2098635109587
360,1014.9999999952,2.6358909872122,-0.84422158381495,2377.9045173118,-4.2709672259902,6.6087061189049
361,1014.9999999866,-3.533841168368,2.4177819463679,2380.1697616358,0.64741613200392,-16.545656458233
362,1014.9999999941,-1.2116621779823,-0.028469197642394,2377.2597768215,2.6375675001367,-3.7434283406766
363,1014.9999999856,0.14893613580808,-0.46031099642174,2377.0847857092,0.45691240099428,0.21090554127607
364,1014.9999999973,2.0989868403146,-1.8033369205836,2377.8432478891,-0.5353061574315,7.5152394732804
365,1014.9999999836,1.1244887975535,0.76533334400839,2377.291230144,-4.7075405063058,0.19603611754135
366,1014.9999999823,0.011905122646341,-0.45580392259601,2377.0958093105,0.7535344429138,-0.11548743090385
367,1014.9999999981,-0.13347811027681,1.0793099340709,2377.2458969189,-2.5174789881175,-3.0223701295729
368,1014.999999994,3.3152107070007,-2.0982861764724,2378.9361659851,-2.1326586207258,11.839613098285
369,1014.9999999971,-2.2024321114506,-2.0996117646348,2378.0199803859,9.8016704358027,-2.0542513446663
370,1014.9999999945,0.72957567287868,0.82282275847839,2377.2451342961,-3.9264689897626,-0.70800949177956
371,1014.999999998,2.8523422687297,2.2071702226514,2381.6701547874,-18.840473211273,4.5123226079358
372,1014.9999999982,-1.0010337630806,-3.4162015239528,2378.54231416,10.247245043774,4.44198880659
373,1014.9999999816,-2.2701270802185,-0.11793553387488,2377.6484956955,5.216125829659,-6.2201055997981
374,1014.9999999844,-1.8009281735269,-3.6758625042949,2379.4987020863,14.087734182805,3.2076565119066
375,1014.9999999945,1.0252312115592,3.9259516955376,2380.6818302248,-17.281060741633,-6.9072040242917
376,1014.999999981,0.96375014889188,3.4748101219093,2378.741939654,-12.142420943444,-5.5026911488205
377,1014.9999999923,0.14534205127015,-3.7483133999122,2378.7975815003,8.7283043922236,8.1391722633501
378,1014.9999999913,-1.910778466488,0.7370232869538,2377.5215630395,2.3117494985153,-6.7113062379746
379,1014.9999999978,-1.5839362158703,-1.5074863271596,2377.5491924193,6.9599661633307,-1.8364694615018
380,1014.9999999988,1.4925709923641,-3.830113045261,2381.3729505911,11.052546382794,14.635596494512
381,1014.9999999865,0.27620865135197,-0.24744768284786,2377.1130590233,-0.32955259186161,0.10146031554155
382,1014.9999999944,-1.3303372788058,0.3859529874003,2377.291160583,1.8966142975404,-4.7064996243075
383,1014.999999995,1.6892539092296,-3.5639790030845,2378.8736276794,5.5697865407282,11.212914698379
384,1014.999999996,1.7927298550765,-0.57689863215631,2377.4211785787,-2.9715907513335,4.0920987679195
385,1014.9999999843,1.4952545903392,3.4709543433774,2379.0943631263,-14.07972213341,-4.5348909576802
386,1014.999999982,0.20008650074736,-2.2437347481943,2377.544461835,4.4595176640449,4.1335259501706
387,1014.999999981,-0.35273217671824,-0.95755438808911,2377.1886236468,2.7810327049964,-0.027940385338449
388,1014.9999999815,2.4313821623673,-0.79699278373685,2377.7612332333,-3.9184599075296,6.0132484292566
389,1014.9999999907,2.8046508930917,-3.3545731294328,2381.0033854254,5.6878517867415,16.676234311358
390,1014.9999999968,3.3994080505487,-2.6947124809471,2379.7333372913,0.033343510343739,14.482279805088
391,1014.9999999854,2.2538358277939,3.2256441459971,2380.185764696,-17.371255080124,-2.0817352992776
392,1014.9999999981,-3.8040951932369,0.89946294239707,2379.0535645748,5.7655868269769,-12.809690947209
393,1014.9999999979,3.725916694499,0.71741256454014,2379.1033544626,-11.529170518505,6.5504134947666
394,1014.9999999826,-2.0209346116997,0.57665872558372,2377.552013656,2.9402105745577,-6.7282893286231
395,1014.9999999976,-3.4232079795689,1.1107422477239,2378.6539264471,4.3911931912781,-11.700818809179
396,1014.9999999927,-2.8369891486759,1.1797371137797,2378.0964505937,3.0497772636643,-9.9378447167399
397,1014.9999999904,0.63760827484809,1.1116679225243,2377.2640931511,-4.3923667972087,-1.4332071519312
398,1014.9999999847,0.77268395947174,2.9598288252779,2378.0987560618,-9.7250272052404,-4.6804078889638
399,1014.9999999954,-0.74389319860611,0.60856985900608,2377.1622901824,0.024296638090164,-3.6580235397985
400,1014.9999999927,-3.5964157089987,-1.23849413018,2378.9015212864,11.197674665702,-8.0825531517159
401,1014.9999999988,2.1020981377932,2.8660940593693,2381.7433029964,-20.105629164976,0.20606455840294
402,1014.9999999905,-1.907149224336,-3.4334395530083,2379.0422070608,13.110534794371,2.1678837808969
403,1014.9999999859,-1.1686890709812,1.8219643381231,2377.5392331274,-1.9780930953581,-6.673340962701
404,1014.999999992,-0.44815103102232,-1.9568071406436,2377.436259826,5.2116087688101,1.9167218282723
405,1014.999999994,1.6224131538181,0.061977105129449,2377.35164172,-4.1358781031759,2.4730120644443
406,1014.999999999,-1.7963274298087,3.6203550190248,2379.0531154548,-5.9777013951199,-12.330821012656
407,1014.9999999866,-1.7065012836451,-2.678961840553,2378.1189090647,9.9562305310535,0.63777913598907
408,1014.9999999903,-1.6967294780146,3.297720741584,2378.6400556104,-4.9954793684588,-11.067861846833
409,1014.9999999861,3.8830022844736,0.7052165049583,2379.4727417637,-12.147771724964,7.3543488779771
410,1014.9999999992,2.0860974521456,-0.85676283617265,2377.5837968957,-2.9476211106394,5.3340250747483
411,1014.9999999887,1.4808335006376,-1.4942517621586,2377.4778921789,-0.025822393999925,5.3560205411094
412,1014.9999999915,2.7121766204172,2.2089812985998,2378.8290851915,-13.162044623465,0.74828272813228
413,1014.9999999851,-3.365336002655,0.022044694238217,2382.60396192,7.7205712481508,-19.266735176833
414,1014.9999999876,-2.7120169103811,-3.1533161848109,2379.7014050596,15.289355838063,-1.2498663819847
415,1014.9999999809,-3.8003037987051,-0.98264360207103,2379.1345518317,11.043143988718,-9.3506128490339
416,1014.999999991,-0.46552748002865,-3.0598846585965,2378.0409843515,7.8971086179827,4.6896010239943
417,1014.9999999938,-3.1887901190323,-1.8739003603088,2378.7799561117,11.886575023024,-5.4611394939413
418,1014.999999989,-1.4763607163675,0.75580997792192,2377.363797397,1.3223710885002,-5.6538897019756
419,1014.999999988,3.834677165846,0.86430989516229,2379.4764025168,-12.518171331925,6.8647863518732
420,1014.9999999996,-0.32488566944739,0.9073570695952,2377.1641736973,-1.6667710046079,-3.1623901569969
421,1014.9999999996,1.1488355188778,1.9490105750491,2377.6485027221,-7.740151099413,-1.9808604811476
422,1014.999999991,-0.30830813494052,1.0963999397683,2377.2450098469,-2.1529039420856,-3.446030640833
423,1014.9999999885,1.9839755176644,2.8440558599443,2378.7199364411,-13.032349466999,-2.1161184408705
424,1014.9999999826,-0.066605874513745,4.0425146949475,2379.2690381806,-11.766923918072,-9.2435935931018
425,1014.9999999824,-1.0468140147363,-2.8855067401927,2378.013380281,8.7944935671055,2.8219783669971
426,1014.9999999921,-0.35110559100263,0.80517671795251,2377.1892158039,-1.363736922067,-3.0534849950267
427,1014.9999999945,0.7867209235193,0.35591167131868,2377.188450554,-2.9263518332735,0.22760921162151
428,1014.9999999889,1.9436878817097,2.8323148360894,2378.6696943508,-12.835249223306,-2.1779805560891
429,1014.9999999882,1.0497419457728,-1.0593620016736,2377.2732195223,-0.12841673497962,3.4499481451925
430,1014.9999999982,3.732475733596,-1.8489783509207,2379.4006928493,-3.8664749242888,12.965563090857
431,1014.999999985,1.8864919698066,-3.7308893620682,2379.3315088046,6.1026190333794,12.442402538126
432,1014.999999998,1.1548573389061,3.3504248441948,2378.6906301541,-12.244681041302,-4.8351135138094
433,1014.9999999994,-2.7367436016331,2.11481155189,2378.4235182006,0.38232012132017,-11.472256556754
434,1014.999999989,2.279911858044,-0.091675224162055,2377.632798032,-5.3064424899421,4.1658053608933
435,1014.9999999868,-1.9118085726875,-3.5231061003347,2381.3171504973,18.461842428945,1.3951452611501
436,1014.9999999917,1.7312506990038,3.3580885058419,2381.2291753031,-19.454370337442,-3.139442882163
437,1014.999999982,0.97311020490053,-2.508972959756,2383.3669437439,17.31202988435,11.161624372607
438,1014.999999999,-2.0434976972945,-1.2719403312925,2377.6986000911,7.5370257894247,-3.4723005656769
439,1014.9999999823,-2.6650097356547,2.8715511799769,2378.9069052045,-1.9701668744122,-13.093068506372
440,1014.9999999961,2.6249743682912,-2.9645702943893,2378.9187641306,2.0563195953847,12.037688895426
441,1014.9999999996,3.5272312341182,1.588483240527,2379.5136209769,-14.097005249652,4.5211677320904
442,1014.9999999853,0.69301072635071,-2.3437430654556,2377.6416264289,3.6909563879161,5.4947637772486
443,1014.9999999847,1.6069766149036,3.4040708077188,2381.3060082876,-19.517156094827,-3.5919773803814
444,1014.9999999998,-0.26020457177143,4.1753729351862,2380.9051581451,-14.863073068539,-11.275730076349
445,1014.9999999871,-0.4971854640683,-1.7026166177054,2377.3538572474,4.7649037894971,1.2150320731318
446,1014.9999999818,-0.04154340484214,-1.7273689068272,2377.3298440237,3.7859600902163,2.3544436260738
447,1014.9999999844,4.0875042330154,-0.084578313691737,2379.702280553,-10.419033952453,10.02580509772
448,1014.9999999979,0.58499155873603,-1.1567783255565,2377.2471310703,1.1171021161921,2.6049869581275
449,1014.999999985,-0.32982975804,2.046230664989,2377.5019248848,-4.437712429757,-5.1638032900338
450,1014.9999999841,1.2029167079948,2.8664928223034,2378.1936756268,-10.622205498135,-3.6660383915001
451,1014.9999999856,0.59928823502875,-2.5095802999734,2377.727282447,4.2972188463773,5.6873208314234
452,1014.9999999953,-4.174922580589,-0.29363101808755,2380.7939939547,10.866139798079,-14.53220046183
453,1014.9999999961,-0.35533424432513,-2.8374013062153,2377.9345604225,7.0755753137446,4.3369717384736
454,1014.9999999999,-2.5023181926281,-0.73194085993734,2377.8462688022,7.26637159351,-5.7267058685144
455,1014.9999999865,0.25553815628398,-0.79904595792779,2377.1811407787,1.017650805365,1.1066264970274
456,1014.9999999969,0.019905292995457,0.32616680910519,2377.1644546741,-1.0961799441062,-1.4491851552443
457,1014.9999999895,0.068287492040822,-3.2140741316263,2378.1488980725,7.174690076112,6.3450330689019
458,1014.9999999882,-0.38628528148298,2.5818544587956,2377.7867303974,-5.7282527680839,-6.2961545318108
459,1014.9999999953,1.2808841729534,-2.7760024449848,2377.9677352869,3.6835099926932,7.9261805331869
460,1014.9999999813,0.3684523184818,0.61838376600354,2377.135643295,-2.5819330773588,-1.1334121685981
461,1014.9999999925,-2.9939085585856,-2.8918106629702,2379.688936597,15.19869160961,-2.912145586557
462,1014.9999999896,3.778541204394,1.2920781114427,2380.727857879,-15.329078603877,7.6384602620587
463,1014.9999999997,1.2685394745177,3.8505425109922,2380.1639270221,-16.502297493777,-6.0608258471237
464,1014.9999999826,-3.1016067532392,-1.0385674828959,2378.3048901514,9.3604315423408,-6.7898712148463
465,1014.9999999856,0.23920343821686,1.8663318434107,2377.4323636677,-5.319875440721,-3.6260124408159
466,1014.999999986,-4.1951762691116,-0.36415769213735,2380.2301751434,10.763059786293,-13.250249639741
467,1014.999999988,3.0050080002465,1.959111250292,2378.8959169335,-13.324960114346,2.0247760161081
468,1014.9999999934,0.30110467884874,-4.1564116537444,2379.7077556982,10.66412921074,10.190588263549
469,1014.999999999,-1.7480113263228,-2.8233567691874,2378.2572469351,10.450998270071,0.90781732664519
470,1014.9999999893,2.468709610272,-1.2093862752729,2377.8592398996,-2.9155053006859,7.025141130125
471,1014.9999999964,-1.8467064083625,-0.43437632695344,2377.4539007884,5.0935259023984,-4.6100393529692
472,1014.9999999861,2.4491782542024,-0.92397600628783,2377.7962518912,-3.6232148578866,6.3338476543776
473,1014.9999999905,1.2622799219578,-2.1119459096503,2377.6477098052,1.9695693658433,6.2599072434988
474,1014.9999999962,1.1661525824986,2.2208670847324,2377.8022702482,-8.5350966338041,-2.4508749327661
475,1014.9999999975,0.90393125970726,-0.13868118273038,2377.191561627,-1.9895342565953,1.3487490312998
476,1014.9999999916,-1.5499599123073,3.1584608977046,2378.4211599443,-4.8410526042525,-10.331737217852
477,1014.9999999946,0.3849399310757,-3.5588981699906,2378.5414681526,7.5966715677383,8.0574518276956
478,1014.9999999876,0.76128713148374,2.1431274151802,2377.6329451805,-7.3037450956485,-3.084260706652
479,1014.999999982,-1.9805846331442,3.1198471465846,2378.6322452356,-3.8935531377944,-11.438115846137
480,1014.9999999871,0.83107722380721,-0.14605776761777,2377.2106144255,-1.8100369456208,1.2045611692246
481,1014.9999999921,-1.2930273899684,-1.422246213998,2377.4258307542,6.0371149703597,-1.3183576543709
482,1014.9999999922,-2.8214540432344,-1.2874034786178,2382.9712340221,14.026761054363,-16.130722267957
483,1014.9999999915,1.721453586545,-3.4986393280706,2378.880235194,5.2527199276615,11.055511074661
484,1014.9999999958,0.83012960226222,0.065425172732624,2377.2054994563,-2.3223340078691,0.82751382435413
485,1014.9999999931,1.191615454949,1.2852464642865,2377.415673877,-6.1292733626224,-0.66846367894253
486,1014.999999995,-0.70089678034759,-1.4987622121293,2377.3137436667,4.7925976157707,0.27067735699568
487,1014.9999999994,1.8811888641872,-0.10869742336743,2377.4384382495,-4.3171874593123,3.3417593090199
488,1014.9999999955,3.6310087059385,0.38905563447524,2378.8688115883,-10.165145275111,6.764818321974
489,1014.9999999997,-0.28388587998373,-1.6641737829059,2377.3175092963,4.1868249896304,1.6500154341971
490,1014.999999992,2.5280410167962,2.9820936363799,2379.9777290781,-16.878469981957,-0.86911488620161
491,1014.9999999967,-2.7424236478333,-2.6290609442787,2378.8868985891,12.850884587444,-2.3921753960874
492,1014.9999999852,0.57447515696758,-3.8842729146229,2378.9879637112,8.5362703920507,9.5986075641411
493,1014.9999999896,1.9624527288373,1.6075288386615,2377.8583810573,-8.9248008451035,0.20640125920668
494,1014.999999988,-3.0267937350354,2.3092827229321,2378.8627463428,0.37786516856407,-12.925931100705
495,1014.999999988,-1.4179567657396,2.3762538061836,2377.8793011051,-2.8795252946314,-8.3016875463162
496,1014.9999999854,3.8128861851196,-0.18367799727883,2381.7853735429,-10.716864919366,14.853418834516
497,1014.9999999975,1.9919567721722,-2.1050411369173,2377.9313068964,0.50025640003935,7.9785251598657
498,1014.999999988,1.6450531796512,-3.6242861140345,2378.9499941592,5.8771645654653,11.311435997558
499,1014.9999999907,1.5865782059565,-3.4555189601364,2378.7531760371,5.2968266294876,10.576148958945
500,1014.9999999834,-2.5454853953496,-1.6125815431062,2378.030459347,9.5148310491191,-4.0795489006663
501,1014.999999983,1.278272845418,-1.2899881189282,2377.3684230679,-0.085176849255544,4.4537774219007
502,1014.9999999847,2.804236226264,-1.408625600604,2378.075061868,-3.1329202081741,8.3896228143977
503,1014.9999999979,0.63444602125069,-2.0785996735573,2377.5075562721,3.1672507182486,4.7372218032254
504,1014.9999999998,-0.35277671187069,4.0895882945936,2379.3633478591,-11.270591657444,-10.086733863134
505,1014.9999999987,-3.1145091241902,0.068395896441503,2378.1683942308,6.488227345852,-8.8172429265969
506,1014.9999999854,-2.4956045464654,-0.29631014688821,2377.799281042,6.1578491928803,-6.5007028052857
507,1014.9999999839,3.0011487996857,0.86446396250575,2378.2621170844,-9.6989105969005,3.941131380248
508,1014.9999999982,1.0636117903109,-4.0236902718463,2379.4674980566,8.5205271083136,11.389481500778
509,1014.9999999822,-1.3351655754742,2.2327663250665,2377.7778592841,-2.6740726072859,-7.8261538361617
510,1014.9999999934,3.3950204857658,0.38374333655351,2378.5430718971,-9.4484697338325,5.9901438975657
511,1014.9999999998,0.8738247755474,3.2166826758767,2378.3819781174,-10.87248581435,-5.0522984285896
512,1014.9999999982,-4.0052746268695,0.26064978033973,2379.3146620812,8.0069845200728,-12.458035649094
513,1014.9999999809,2.8607702274849,0.58959626621871,2383.0088002319,-12.46754124577,15.405496412861
514,1014.9999999893,-0.50490938734581,-2.8652389188757,2377.9725258069,7.4758047342826,4.0683792067837
515,1014.9999999837,3.1965196224651,2.2114797936511,2380.7892791799,-17.518619815314,3.7751827904571
516,1014.9999999843,1.8895539136504,3.2494945338062,2379.1548403294,-14.592811505859,-3.211021138786
517,1014.9999999973,3.3381735981437,1.0286322474937,2378.7299999141,-11.206978572019,4.5908432124765
518,1014.9999999952,-4.109208038826,-0.46192094690073,2380.9507346759,11.502123235632,-14.630008113951
519,1014.9999999967,-4.1133059324939,-0.46004647930073,2381.0387819764,11.497587187601,-14.627784374181
520,1014.9999999887,3.7451880933462,-1.8992972992139,2379.4960517006,-3.7216808694568,13.233405667368
521,1014.9999999972,-1.4051607516578,1.5672034711659,2377.5212270667,-0.82998181204707,-6.8096588532282
522,1014.9999999852,-2.8558674110445,-1.577738576183,2378.2675091911,10.171617584068,-5.0182154953792
523,1014.9999999864,-1.5743478406251,3.9647477469179,2380.982581186,-10.626829734456,-14.99371265263
524,1014.9999999955,0.35035651142887,-2.6005318041115,2384.7842975361,14.882767607507,-17.009016458449
525,1014.999999991,-4.1941951653314,0.40325699720501,2380.7088296489,8.4793962996885,-15.753179532587
526,1014.9999999915,-2.589900382923,3.3766533199953,2381.0862591754,-6.0509905340222,-17.262275248219
527,1014.999999987,-3.5800899755541,-0.57041033045172,2378.7366054697,9.2390203289102,-9.1788525695984
528,1014.9999999881,2.3274242644322,1.7591278441215,2378.1007718789,-10.407825887137,0.67020907856076
529,1014.9999999941,-3.8650608411223,-1.5645135649523,2379.7974534865,13.394777918672,-9.0527032373131
530,1014.9999999966,3.8101154481623,-1.2423729149393,2379.1548047264,-6.0506429038671,11.378369796544
531,1014.9999999938,3.0896666657077,-0.36579998172256,2378.1352849231,-6.5920660476762,6.7257498765798
532,1014.9999999842,2.6915905811632,0.33154944689066,2377.9456464907,-7.4230989674354,4.2241920999509
533,1014.9999999953,2.2862292910158,2.8600862447967,2381.4158708985,-19.683101870738,0.38661201860399
534,1014.9999999968,2.2164497870568,-1.6436926126169,2377.8459513684,-1.2228726112826,7.440592178785
535,1014.9999999868,1.1402180050207,-0.66381623692518,2377.2611198687,-1.2708750866469,2.8399722735661
536,1014.9999999912,2.6698218599994,-3.5574105878375,2380.6056026327,5.8225904448787,15.729060930289
537,1014.9999999928,-0.8319985438866,-3.6032402324865,2378.7453473149,10.501422003601,5.4387606242244
538,1014.9999999968,2.973783741941,1.2287681306906,2378.3969790741,-10.701787028977,3.1975461115694
539,1014.9999999813,0.22259302016439,-0.035953641383966,2377.1464852584,-0.7028724411352,-0.40157471411413
540,1014.9999999964,0.78726234197442,3.3781688889837,2382.1063347717,-20.176519770639,-5.6409701052314
541,1014.9999999885,-3.3320943152274,-2.6138787937525,2380.16652149,15.932065472483,-5.2491427903124
542,1014.9999999835,0.17989697221011,3.2189410191216,2382.5959954684,-20.234051526876,-7.1258246888372
543,1014.9999999834,-1.8180357975936,-2.1378901588721,2377.9161767276,8.9045295711556,-0.96201810556119
544,1014.9999999916,-0.7825574269198,3.445340168264,2378.4487290636,-7.4102159348775,-9.0897429943383
545,1014.9999999996,-2.9714439353788,3.1572581790687,2380.4712464056,-3.2615998882677,-16.707590733315
546,1014.9999999939,3.5818358087838,-2.4729627104587,2379.8708650718,-1.109677236181,14.702566399119
547,1014.9999999863,0.73440550428748,3.9337083816545,2379.3941970538,-13.784095056202,-7.263441812511
548,1014.9999999942,2.6279196242279,2.7341073238846,2381.0189433939,-18.894836744115,1.2102650755777
549,1014.9999999886,-2.4245510880294,0.40884344238052,2384.667691539,-18.544891454952,-12.180379987355
550,1014.9999999999,1.9750781793883,-3.7724383884878,2379.5268073487,6.2723397072434,12.94171620811
551,1014.9999999952,3.6017447256856,-2.1922460504019,2379.464783859,-2.367584016088,13.518699365926
552,1014.9999999948,-0.81540399460833,4.2031807316039,2379.9133174012,-11.113839059949,-11.932061396482
553,1014.9999999966,1.0952284389883,2.3754899009279,2383.1624180687,-21.393727321985,2.4255696301895
554,1014.9999999875,3.2828163794186,-1.4956929876195,2378.5562234666,-3.975880078289,10.031529206817
555,1014.9999999822,2.4392604672495,-1.4241773804907,2377.9108622602,-2.2981314657003,7.4716315968985
556,1014.9999999897,-3.6707336792248,2.1680659789684,2380.678146264,1.4405737462898,-17.567961720547
557,1014.9999999863,-1.0499170534742,1.0855256557772,2377.3087601241,-0.43906405926408,-5.1410790898165
558,1014.9999999959,-1.5213345983514,4.0219753995768,2379.7686251015,-8.4885283436177,-13.198470503444
559,1014.9999999817,-3.3220986529902,2.3903298487139,2379.3344101289,0.63327339507475,-14.535296188314
560,1014.9999999889,-2.0086328441681,-3.4688840615916,2379.225298363,13.691626587173,1.9762006871941
561,1014.9999999886,2.0595287721426,2.6346461447944,2378.5519033848,-12.451047384771,-1.5556897701837
562,1014.9999999925,-2.1958018742616,1.2847129709026,2377.7859085908,1.5138243717725,-8.3316302635389
563,1014.9999999987,-3.9728768730509,-1.277444395781,2379.8483832372,12.795195132916,-10.079247497365
564,1014.9999999983,-3.5626557565841,-1.4903156557432,2378.9895695602,11.867175151522,-7.5274343934395
565,1014.999999982,3.1835004894533,-2.7529398456613,2379.3279710431,0.50005852328435,13.496211612581
566,1014.9999999904,1.3993169697739,1.7923730465876,2377.6734209491,-7.9547726657307,-1.2239006876182
567,1014.9999999848,-0.27311233057021,-2.1746032884427,2377.5190305729,5.3088358330954,2.8588342855246
568,1014.9999999913,2.4016037579497,0.63472677298665,2377.8052852942,-7.4744055477812,2.9733998817719
569,1014.9999999974,1.9982399819068,-1.4005615598855,2377.6536626693,-1.3836120560754,6.3402023217582
570,1014.9999999827,1.8939773651605,1.1933299049679,2377.6611646222,-7.6212908688511,0.84100861374988
571,1014.9999999832,-3.2343161790372,-1.755195634767,2378.7607673806,11.664800165338,-5.8414053164303
572,1014.999999986,-2.6055291093602,0.80063695973105,2383.4044297402,-2.6517633106917,-21.174157279832
573,1014.9999999866,2.645102718578,-2.4180843134383,2378.4539535188,0.17928938510038,10.548513391447
574,1014.9999999917,-0.40616487964777,-0.79931885324472,2377.2141254075,2.5532918870455,-0.45969384376906
575,1014.9999999995,1.6741492886245,-3.9274962697764,2379.6484964243,7.4383970982367,12.702204353759
576,1014.9999999809,-3.4741974393053,2.2533566339489,2379.4844232748,1.3057687335901,-14.910476070374
577,1014.9999999949,0.74320955094146,3.7880152456818,2379.0491658154,-12.906371544814,-6.7820504054542
578,1014.9999999926,-4.100263385444,-0.72433921455119,2379.8412246674,11.399651758869,-11.569629701618
579,1014.9999999898,3.1287944430065,2.2108130513411,2379.5348682017,-15.169484058349,2.1836359242956
580,1014.9999999809,2.7330342364541,-3.0907585600297,2381.7423945005,6.3846329700287,17.541194446161
581,1014.9999999906,4.1200282007597,-0.54243984450323,2379.7865620839,-9.1300771303118,11.396373560473
582,1014.9999999917,-0.31633164868238,0.22616541179882,2377.1499494994,-0.070677764478307,-2.0629118194786
583,1014.9999999821,3.7659994098253,-0.2302049603058,2378.8786803296,-8.8072460140446,8.5674188351267
584,1014.9999999866,0.3400242801157,-3.639909636917,2378.6469364381,7.9630729137726,8.2155024515732
585,1014.9999999857,0.50023941230255,2.5156984367484,2377.7963958854,-7.6838015328489,-4.3077183184919
586,1014.9999999909,-0.3285716768023,-3.364720092075,2378.3262628901,8.4606989181495,5.8616133824599
587,1014.999999982,3.7537517078136,-0.25520813013394,2378.9393524238,-8.6898039208209,8.5549983994537
588,1014.9999999971,-0.43284729988237,-2.3975761458539,2377.6476204073,6.1693876747779,3.0273426508437
589,1014.9999999866,-3.1719388532267,-0.86869320640839,2378.3315539508,9.0762576389408,-7.3135470919018
590,1014.9999999921,-1.6885967349038,-3.6540114519334,2379.2999068072,13.462098839091,3.4619871181691
591,1014.9999999833,1.249253226062,-0.7555239384709,2377.2727389686,-1.2967329927174,3.2626148262933
592,1014.9999999858,4.0887018052808,-1.1151263725815,2379.9799349383,-7.278035735837,13.051159266642
593,1014.9999999881,2.6721329558642,-2.6256570050868,2378.6378227597,0.81392659948978,11.19662663724
594,1014.9999999813,0.36458564357874,2.6475791514425,2377.850862332,-7.7211963037551,-4.8397267800376
595,1014.9999999945,-1.0628739988032,2.9387469323231,2378.0521450844,-5.1947954611533,-8.588806549779
596,1014.9999999937,-3.8448543297073,0.49789082890941,2379.0174241066,6.9435735789216,-12.141994419594
597,1014.9999999891,-1.2499645796847,-1.3835910649997,2377.4032950007,5.8499200274485,-1.295949279446
598,1014.9999999955,-0.35738899061677,1.3569317818353,2377.277113692,-2.6637539983847,-4.00473687572
599,1014.9999999902,-0.025789011858511,2.0893001791151,2384.635257,-15.513666867938,14.644598601545
600,1014.9999999871,0.44356308195341,-2.2707148661912,2377.5819069427,4.0215352224858,4.7558272312025
601,1014.999999995,3.0409075859232,-0.18561044469508,2382.9936526388,-7.5904334533285,18.190565812222
602,1014.9999999969,3.6511505644094,-1.2835771835974,2378.8799014646,-5.5012681112398,10.791017414312
603,1014.9999999849,-3.37963602645,-0.095308740396688,2378.4343957702,7.4911812088347,-9.3385280099208
604,1014.9999999861,2.5569408490246,0.77950662712621,2377.9452905643,-8.267788117795,3.032213353754
605,1014.9999999946,-3.9320940981645,-1.3594448412472,2380.9578680496,14.251319016902,-11.860986528859
606,1014.9999999859,-0.61498804307022,-2.108603991081,2377.522396129,5.9297889634358,1.8820810233497
607,1014.9999999963,0.94406036067632,-0.51165656842915,2377.2540035608,-1.1955522757525,2.1217960447301
608,1014.999999994,-0.80951472822874,2.4667896015581,2377.7685282316,-4.4517379262263,-7.0213550490763
609,1014.9999999817,-0.90541930117749,2.8221400506981,2378.0165171087,-5.2080931840586,-7.9561689387738
610,1014.9999999923,-0.11591575258415,2.5165980097426,2377.7329504131,-6.1917840481706,-5.5742592495849
611,1014.9999999863,2.8529325610359,2.5809850730028,2379.6311369677,-15.797695923955,0.70462276839005
612,1014.9999999879,-4.035731548226,1.3304144118752,2380.6574599373,5.032314922747,-16.965030741524
613,1014.9999999829,0.36442904973915,2.1100487417718,2377.5491698561,-6.2548455186756,-3.8208095150947
614,1014.9999999994,0.11148114083122,-2.5649697061502,2377.7260383291,5.4168119919751,4.7131855957945
615,1014.9999999947,0.59518627072932,-2.540448648954,2377.7454169913,4.3831893618,5.7544783268532
616,1014.9999999901,2.9595555899471,2.4141272063267,2379.5098014401,-15.346901817538,1.274687024079
617,1014.999999994,0.50095840344697,2.0316214188433,2377.5299748119,-6.3778676056648,-3.4008474405837
618,1014.999999986,-1.9555945359946,-1.3357812899078,2377.6694401791,7.4754016599937,-3.1149975255125
619,1014.9999999938,-1.0739795279522,-3.4224475076929,2378.5750556524,10.45657937521,4.290206664025
620,1014.9999999832,2.2701266461211,-3.3360339554563,2378.9758497365,3.9722499031033,12.125071979991
621,1014.9999999982,-2.2316628281545,-1.1122418388993,2377.760297012,7.6008291314984,-4.2764008743101
622,1014.9999999829,-0.9013373627614,-1.9338064552444,2377.5010273493,6.214171088258,0.75760599726513
623,1014.9999999853,2.2352792226988,-2.4714860728919,2378.1987493851,1.0913333960161,9.5366627121679
624,1014.9999999953,0.99211283026379,-3.7994566855215,2378.9388450136,7.4754570362224,10.26572148476
625,1014.9999999827,-3.0124334466822,2.9301428796625,2379.5609011458,-1.7301913558377,-14.93788939085
626,1014.9999999951,0.69670507501813,-2.6094852858124,2377.8077134375,4.3536957372373,6.1549809981423
627,1014.9999999875,2.184177082542,2.225352007106,2378.2942089206,-11.422848100012,-0.50522153061606
628,1014.9999999955,-3.71489521462,1.9131411755604,2379.6554510301,2.7404834837851,-15.222789570244
629,1014.9999999908,1.4075567681228,-1.213181817966,2377.3818496635,-0.55356142410744,4.5803952124721
630,1014.9999999915,-0.9698554234021,-3.7191029366622,2378.9067451266,11.358783134273,5.5052201608648
631,1014.9999999919,-2.0219993204887,1.9381283356545,2377.927189102,-0.49843183607461,-9.0298095794947
632,1014.9999999867,-0.49152719024425,2.5180783963024,2383.5255763356,-21.228367119032,-6.2263349039827
633,1014.9999999901,1.564487982396,-2.1693196049779,2377.7811063791,1.5168581490404,7.1038848222405
634,1014.999999983,2.7968809877362,0.28615464105453,2378.0243087641,-7.5697419922807,4.5645328452122
635,1014.9999999853,0.48633790253045,3.7000972850073,2378.8473729811,-11.63300977279,-7.0114134941743
636,1014.9999999888,-1.6353671672305,0.073247556172137,2377.3631765501,3.3749558581266,-4.9508107912387
637,1014.9999999884,-1.9722748494494,-1.9575780662242,2377.9089455018,8.8905354420095,-1.7703331831603
638,1014.9999999968,0.41253903997051,-3.4226073189231,2378.3840243427,7.1225352062266,7.7173695813182
639,1014.9999999933,-0.028644925944559,2.3259940947122,2377.6257095365,-5.8785399165996,-5.0314256316731
640,1014.9999999935,-1.5438202611225,-0.20120843177847,2377.3307555362,3.8311333117866,-4.2618222120354
641,1014.9999999824,-1.2313559189612,2.1212601549365,2377.6915603324,-2.6028152147073,-7.3613260810193
642,1014.9999999946,-3.4441226889371,-0.11015720601482,2378.5107889556,7.6704691429611,-9.5148037769339
643,1014.9999999994,-1.0775971197384,0.79400597633257,2377.2672972551,0.32884093781555,-4.7411871728855
644,1014.9999999849,-2.4794208048477,1.0218798385023,2377.886294348,2.7634521690915,-8.6519582722194
645,1014.9999999863,-2.5302119552217,-1.9298712084848,2378.1684789341,10.256436947737,-3.352018651462
646,1014.9999999829,-2.447232979813,-0.34824468386049,2377.7712388137,6.1890326216314,-6.2843055514259
647,1014.9999999874,-3.6266392001183,-1.8793757274437,2381.1949260552,16.031063547831,-10.365501817519
648,1014.9999999991,-2.5322288031686,-3.2873362216854,2380.9870903763,17.948868166767,-1.3654863291326
649,1014.9999999899,-0.78327262170213,-1.030789537489,2377.2559212646,3.9748130733132,-0.91695291597421
650,1014.9999999842,-0.90152670277984,-3.658912381975,2378.8547645325,10.885267816313,5.4533568031732
651,1014.9999999882,2.529252323966,-0.63263887932936,2377.8069625578,-4.5727599963756,5.8703685875284
652,1014.9999999918,4.1421898495202,-0.71276625622039,2379.9801115045,-8.7333093364139,12.196651568882
653,1014.9999999811,-1.4913320355982,0.51676252708147,2377.3414727541,1.9441010303165,-5.3100752238761
654,1014.9999999987,4.0812756434009,0.3301027191329,2379.9312773963,-11.861851965342,9.3886287417736
655,1014.9999999987,1.5520638651393,-2.3975010891858,2383.2395606774,14.201388820621,14.837749040646
656,1014.9999999991,0.64053753883768,-0.013978816375828,2377.1271883444,-1.6988441719479,0.53294319961151
657,1014.9999999997,2.9369936912802,-0.64790186803779,2378.0132698246,-5.5028692212732,6.9325680822356
658,1014.9999999889,3.8407150828123,-2.0405852932819,2380.4884687285,-3.2118196406029,15.637066587447
659,1014.9999999855,0.94344230142389,-0.77396892345005,2377.2475363128,-0.57177109247149,2.6396765531172
660,1014.9999999872,1.0705857878507,-2.0233824355589,2383.9393726898,19.773663364557,7.388510328072
661,1014.9999999989,-0.12688205534185,-3.1629698418769,2382.7575708961,18.874125629633,6.9690954118021
662,1014.9999999853,3.9878519901199,0.73413678059906,2380.7407316172,-13.830880643224,9.6502245608166
663,1014.9999999949,-1.4608907842852,1.3119894056155,2377.4633493603,-0.076013476649572,-6.5096759251225
664,1014.9999999873,-2.5709111412462,2.590571213996,2378.6142013972,-1.2533976209712,-11.995185176935
665,1014.9999999894,3.40931600876,-0.14789889777959,2382.4698774819,-9.792929012717,16.462868361393
666,1014.9999999865,0.84825113813484,0.52116840696244,2377.2497846898,-3.4696967520056,0.075790890369874
667,1014.9999999873,-1.6517436671346,-0.67449562794617,2377.4065462276,5.2430484675119,-3.690758095136
668,1014.9999999952,2.4165814518849,-0.53609414036931,2377.724380809,-4.5427780740365,5.4023283693758
669,1014.9999999837,2.1816082094763,-0.95601749017767,2377.6384241453,-2.9084583433696,5.7627986727264
670,1014.999999997,-0.54954114724878,4.2436442124204,2380.3892219426,-12.942128568709,-11.80694829783
671,1014.9999999834,-2.0970916668377,3.8470797366517,2380.4772156808,-7.55648497676,-15.316183172167
672,1014.9999999944,3.9843847259399,-1.3238085586176,2379.6940531755,-6.288511197778,12.779076350386
673,1014.999999989,-2.8587616228141,1.616654930355,2378.2670233221,1.9510368904568,-10.820019116252
674,1014.9999999845,4.1708216302638,-0.11639886794976,2380.4826586563,-11.031967877477,11.769952809235
675,1014.9999999942,-0.40519101911058,-1.7215417118816,2377.3511830002,4.59594676144,1.4804185794272
676,1014.9999999964,-2.904781078717,-0.98586103299477,2378.1167944504,8.790669943753,-6.3424275831864
677,1014.999999981,3.5073573592459,1.6929009532926,2379.6511470261,-14.557435649483,4.3784364593236
678,1014.9999999887,-0.44224325304329,-2.3589810914423,2377.6266188072,6.1022121122819,2.9095631044555
679,1014.9999999848,2.1787787406807,3.2731685386121,2379.9827512149,-16.893825379743,-2.4852413774984
680,1014.9999999855,-3.2188442878699,-0.90499493228121,2378.3888972646,9.2872481500192,-7.3896740863296
681,1014.9999999875,-2.0443287777292,0.88394887296334,2377.6098205425,2.2192490062785,-7.2773895768836
682,1014.9999999927,0.61125566507382,-1.3243524684837,2377.2659401183,1.4498193750393,3.0140181763697
683,1014.9999999957,3.8607048339313,0.046581007538293,2379.0989566302,-9.9268054020691,8.3653013664225
684,1014.9999999989,-1.8321941967705,0.72953121429131,2377.4918620296,2.1639629871277,-6.492441181887
685,1014.999999991,-1.0227340229274,-3.4170018983973,2378.549983085,10.303910808926,4.3937186383103
686,1014.9999999961,-3.0460528148024,-1.3220991538814,2378.3494870966,9.9813757215039,-6.0940684888414
687,1014.9999999836,1.666158146172,-1.3074349170843,2377.4949097659,-0.89317033470606,5.3670794204382
688,1014.9999999918,0.1176156728798,-3.4455398085459,2378.3934069295,7.7558014304659,7.1172554912967
689,1014.9999999938,2.3971720082111,3.1086791188112,2380.314021379,-17.627211797737,-1.3275026734038
690,1014.9999999999,-0.78254952035772,-0.31045085072255,2377.2059326909,2.3064146068038,-2.2405627826427
691,1014.9999999998,-3.1254198488802,-0.72269128667625,2378.2520260147,8.5841162460594,-7.4604131026574
692,1014.9999999994,2.2628477847363,-1.2564844087551,2383.7171879864,9.3811825631056,18.542609584264
693,1014.9999999824,-0.64836986724264,0.091384777895359,2377.1913203635,1.0355399998702,-2.6169050336828
694,1014.9999999977,-1.2198184936104,-2.527174723992,2377.8988509127,8.3085047784366,1.4670816313119
695,1014.9999999865,-2.2414291380898,2.5924372840767,2378.3570667135,-1.8471853582642,-10.962276983058
696,1014.9999999826,-0.34645991339552,2.6378269003097,2377.8142387028,-5.9751873884184,-6.3158512906157
697,1014.9999999812,1.1465423011355,-1.3140713119977,2377.3437307851,0.25957049142413,4.2032487678595
698,1014.9999999921,-2.1270284313051,0.19707792818102,2377.5819365152,4.1156633705059,-6.3777455195248
699,1014.9999999998,-2.4757497617298,2.4288591019725,2378.4114171341,-0.95808899007286,-11.325786516784
700,1014.9999999852,0.9598766826137,3.8866467400228,2379.502729013,-14.424483501009,-6.6843320673163
701,1014.9999999879,-2.3734921867478,-2.008893776925,2382.9776495349,17.67698357127,-12.146445914873
702,1014.9999999824,1.0550494057605,2.9201611706282,2378.1714012804,-10.379651424273,-4.0593244527497
703,1014.9999999818,0.12275400288103,0.51353905525775,2377.1511594428,-1.7639941633664,-1.5077957490829
704,1014.9999999862,-1.614511329253,-0.58418899267207,2377.3776409732,4.9383383891589,-3.7695654396608
705,1014.9999999947,4.0314451442482,-0.33810425153351,2379.4490121223,-9.3876916639704,10.129706020622
706,1014.9999999839,-0.74014966872257,-1.2900556152589,2377.2759852273,4.431117563781,-0.26741030996444
707,1014.9999999929,1.6961783099136,3.269804019299,2378.9522568093,-13.862251320185,-3.659251488259
708,1014.9999999867,0.85914566025566,-0.27551108659205,2377.2017853236,-1.567461373305,1.5026003244136
709,1014.9999999906,2.4398320798598,0.072685685284052,2377.740861152,-6.1254973580109,4.1816774695604
710,1014.9999999958,2.8771277718807,-0.13503249747302,2377.9559474177,-6.6675563669059,5.6522947744993
711,1014.9999999834,-1.4431700832942,-1.4303768202129,2377.4740392166,6.4220719553845,-1.6606633585916
712,1014.9999999892,3.5461677278408,-1.5908362046923,2378.8604425292,-4.2901250853894,11.26529008644
713,1014.9999999888,3.5486026926363,-1.5932269681225,2378.9497799403,-4.2873716159603,11.262036931082
714,1014.9999999977,-3.2520544373087,0.93327448011476,2378.4075937677,4.5044356717872,-10.785309707721
715,1014.9999999917,-1.1364899932685,-2.7336803028118,2378.0168861147,8.6214120959381,2.1999555108539
716,1014.9999999976,-0.6943943148209,-2.9915846322677,2378.0164690251,8.2409590736374,3.9563206878337
717,1014.9999999858,-3.8454637516329,-0.9297501222534,2381.4814951908,13.226372793234,-14.386493335119
718,1014.9999999945,-0.1326796091399,-2.4118714994573,2377.6332366835,5.5502641500173,3.7621001794936
719,1014.9999999953,-3.274014929775,1.927776595141,2378.8807014031,1.9155300660583,-12.936600591842
720,1014.999999985,-1.2118767247203,2.2977322802985,2377.7721970127,-3.1088369891624,-7.6484434573891
721,1014.999999992,-0.92260108955355,-0.34850319758265,2377.1626804731,2.7292964847711,-2.509816730715
722,1014.9999999814,-2.7328842734759,1.535573896136,2378.133321239,1.9203656338297,-10.293274545397
723,1014.9999999859,-0.99569367383971,1.2670573280897,2377.3332681675,-0.99649947524048,-5.3117439838912
724,1014.9999999847,3.7192500823439,-1.725528263051,2381.426691901,-3.4524757971778,17.446636433863
725,1014.9999999967,-3.1441388292774,-2.8255911368978,2380.0756932602,15.974198116032,-3.9270869457552
726,1014.999999993,-0.03038052745398,-0.90879259450903,2377.1325175558,1.9191033803258,0.64293750664535
727,1014.9999999968,-0.91129008035184,2.7063604044437,2377.9351358505,-4.8714182924883,-7.7317574924492
728,1014.9999999827,-0.72194900718161,-1.5448311328236,2377.3306376677,4.9448110692001,0.31617908448862
729,1014.9999999865,-2.6132871685953,-3.2432987775096,2380.9128563165,17.823468197379,-1.7350248227419
730,1014.9999999883,3.2279393776229,1.5185185710793,2378.8986602846,-12.475188756653,3.4019503244718
731,1014.9999999933,-1.7686565698888,-3.3731192376557,2381.8427130083,19.254553062757,0.74719122289064
732,1014.9999999885,-1.9201165531519,0.038958797794023,2377.4721546421,4.0787148488842,-5.5986982874059
733,1014.9999999827,-2.6764619445168,-3.260275286314,2380.118483714,16.247001369283,-1.0885987207716
734,1014.999999998,0.44506491814537,-4.2057891837627,2380.0556166681,11.103220890536,10.966589714175
735,1014.9999999967,-3.9447780414589,1.5257230794234,2379.9187261612,4.3172838783949,-15.563881848976
736,1014.9999999953,-1.1835656919145,-0.30718178969824,2377.259289405,3.2400546753436,-3.2032671129459
737,1014.999999994,2.1214277473432,-1.5269325797928,2377.756874924,-1.3258281042598,6.9373477939615
738,1014.9999999975,0.84310522962906,3.0564278512532,2378.2130080982,-10.23004615323,-4.7528115357549
739,1014.9999999847,-3.5025349891106,-2.3348011910022,2379.9306582174,15.101048482986,-6.2574313982932
740,1014.9999999932,3.3913362596883,-2.5850264472481,2379.5039296897,-0.44209573611929,13.889995318682
741,1014.9999999899,3.4934704995361,-0.36970808943961,2378.5647683598,-7.6329465684422,7.9085081830113
742,1014.9999999847,3.4312678526888,1.5991501988507,2381.314256878,-16.924246717392,7.3503134938514
743,1014.9999999875,-2.7024033362981,1.2063411968304,2377.9924849101,2.7172390520802,-9.5827112776104
744,1014.999999999,1.8521111164733,-0.34873858919401,2377.4302216701,-3.6613086326337,3.7565323075519
745,1014.9999999834,-0.45953809755317,-1.8300227222468,2377.3872554418,4.9631119883737,1.593348417385
746,1014.9999999975,-2.6251891632051,-0.98908722219994,2377.9856376068,8.1815442430848,-5.5824462961581
747,1014.9999999898,0.31566653387264,3.9652068151103,2379.1988548992,-12.48116112074,-8.1722645420689
748,1014.9999999816,4.1311210977965,-0.69603601702842,2379.9014950557,-8.7213710094046,11.967258429592
749,1014.9999999917,3.1224383038356,-2.9906673949094,2381.1851459241,3.7165296829742,17.356585800651
750,1014.9999999901,-4.1806578969619,0.25435810657352,2379.9071326891,8.6214481987639,-13.784269414191
751,1014.999999989,-2.2318385991219,3.7690650346608,2380.3778717231,-6.8224524353855,-15.405473222372
752,1014.9999999886,0.11914782982013,2.7331331452899,2377.8832008349,-7.3625677590534,-5.5095202107745
753,1014.9999999997,0.070475086209765,-2.4154959622604,2377.6325857629,5.1293537953936,4.2458947982289
754,1014.9999999942,-1.3779004744542,-2.028490323671,2377.6762435913,7.5602837179152,-0.13850281213692
755,1014.999999986,-3.1461632828404,-2.3773157008861,2379.084612167,13.422241441465,-4.3472838041599
756,1014.999999981,3.6855634830168,-1.3607124847954,2381.8019630388,-4.77621565244,17.629443526956
757,1014.9999999861,2.0141694305046,1.4572982687717,2377.824108934,-8.650753682131,0.58960839207441
758,1014.9999999974,-3.2048303303441,-2.3336420753187,2381.6059070791,17.6229616563,-8.4825684611396
759,1014.9999999994,-2.5838884464795,-3.0903772499091,2381.3306821918,18.619680542852,-2.9868996858828
760,1014.9999999846,-2.7574086690036,2.9232276204397,2379.0861023647,-2.0029101213168,-13.61355298101
761,1014.9999999968,-3.1565863474556,0.21104295434558,2382.8393813944,5.5725719364587,-20.258225147405
762,1014.9999999968,-2.7810757056745,0.22586986646353,2377.984345739,5.3927634118972,-8.1491918474025
763,1014.9999999932,0.12552617784639,3.7642890616813,2381.841386375,-18.141326412361,-9.403661455622
764,1014.9999999843,1.6592396670538,3.6366662089661,2380.1837193213,-17.020235919792,-4.6043710326411
765,1014.9999999853,-1.2070086262673,1.458991803084,2377.4315815659,-0.99568457976395,-6.1401757773695
766,1014.9999999987,-3.0432735607691,1.4224385020524,2378.3605088099,2.8123555050414,-11.028912908611
767,1014.9999999828,1.7333960585399,3.5823657939642,2379.9754083779,-16.605389913026,-4.3093196070759
768,1014.9999999942,2.2075384448523,2.0599394884207,2378.1981634273,-10.965865103092,-0.13782106840116
769,1014.9999999966,-2.4024530880888,3.4846577027399,2381.1994054598,-7.1538905889166,-17.040989053148
770,1014.9999999868,0.85802483029385,-3.5971559059982,2378.672483549,6.8982725702804,9.2513453091859
771,1014.999999994,-1.6309623438951,-0.42330994439542,2377.3712775416,4.5868042751723,-4.103598597933
772,1014.9999999916,2.4595009634373,-0.24233102977361,2377.739288346,-5.3646244414121,4.8809807698249
773,1014.9999999811,2.6765787303378,2.3824273598861,2378.9014214422,-13.771068955831,0.36158828395417
774,1014.9999999855,-2.9157728976218,-2.8841909007806,2379.4493112141,14.654339665121,-2.5267670586043
775,1014.9999999954,2.2219205837439,2.3526990630617,2378.4353670888,-11.993526554902,-0.67401280322421
776,1014.9999999919,1.3275604692574,0.60051353644812,2377.3101003062,-4.7733877029683,0.88326271162402
777,1014.9999999964,0.059307342521538,-1.2484222106675,2377.2473662075,2.4750188286445,1.5551359421885
778,1014.9999999836,-1.1737329752928,2.5622769576154,2377.9135187075,-3.8985641227639,-8.0667845859913
779,1014.999999985,-3.3736938580378,-2.3400857167792,2379.5011739369,14.285480352863,-5.4068779055183
780,1014.9999999922,-0.9936596070174,-3.3428740554343,2378.4508755159,9.9988547811417,4.2380186629988
781,1014.999999995,-3.7392437160916,-1.841073149704,2380.9748464569,15.5840789693,-10.057647652207
782,1014.9999999892,-3.0956400224989,0.099768598667486,2378.1511926731,6.3661092520507,-8.8205239396532
