238.059576,-0.558113771,-2.90130522,0.317131673,-0.0617693517,29531.5868
238.061734,3.32962069,2.90916392,0.0752097186,-0.0843797034,29682.1006
238.06605,-0.83962285,-1.88653693,0.218109129,-0.0976462782,29513.2595
238.001716,1.1759126,2.10991521,-0.23951964,0.134191726,29518.1609
238.005502,-2.76445793,-3.59253233,0.253059872,-0.196174436,29605.7756
238.028,0.223049289,1.52091007,-0.179539954,0.0267253613,29505.1561
238.014416,-1.02691186,2.31438305,-0.261561525,-0.11535357,29520.7136
238.003512,-1.68845499,1.75108653,-0.199304541,-0.19131747,29518.4675
238.010722,2.98343742,-1.70435305,0.177398473,0.308773671,29544.8576
238.083389,-1.27222053,1.85156177,-0.212908717,-0.145596891,29516.8061
238.064882,-0.0524677023,-0.185990805,0.0223846208,-0.00636768804,29497.6767
238.09192,2.10519679,0.993071836,-0.112887889,0.240695902,29518.3492
238.025059,3.35080823,1.26206657,-0.127308118,0.340575982,29550.24
238.001336,0.438246068,0.30748143,-0.0368547926,0.0527662202,29497.1413
238.04719,-0.84801067,-1.65266518,0.192827867,-0.0994738253,29509.7044
238.089346,4.11318461,1.23960418,-0.102997709,0.345532692,29587.0095
238.040996,1.02467393,0.0876430887,-0.0102193061,0.12255017,29500.7595
238.065163,2.10433458,-3.42536723,0.31805745,0.194196702,29570.1971
238.020849,-0.307417989,-0.70738164,0.0848867318,-0.037104927,29498.5491
238.081857,2.37615511,2.08406626,-0.222730534,0.255162596,29537.769
238.079696,-0.452515637,-2.16094494,0.248566437,-0.0526250629,29515.9136
238.05902,-0.772826798,-1.83435277,0.212836283,-0.0902185699,29512.0007
238.069661,2.06233474,-0.407128556,0.0475722625,0.238218046,29514.0715
238.002922,-0.0395677519,-4.54338861,0.316716555,-0.00390675052,29606.7408
238.094803,2.13360885,0.995985121,-0.113059712,0.243612549,29518.93
238.023959,0.7881186,-0.995743876,0.118621495,0.093475341,29502.1714
238.023849,-0.810397397,-1.15744654,0.136837773,-0.096246601,29503.6581
238.091922,0.696983129,3.1843427,-0.337863974,0.0747986083,29540.9998
238.023952,-0.339780024,-1.37503321,0.162707503,-0.0405769676,29503.6907
238.087532,-4.24778099,-0.46798577,0.0386238779,-0.360471191,29585.4066
238.008065,-2.3680277,-0.721151925,0.0811302828,-0.26855955,29519.3198
238.04883,-1.50547544,3.52396508,-0.342067598,-0.145077168,29561.0589
238.076514,-1.41558774,-1.64887405,0.189659406,-0.163553868,29515.2399
238.064624,-0.419109334,-2.96951237,0.323502941,-0.0464274622,29532.9061
238.014182,1.05850674,-3.30577932,0.341420735,0.108398019,29546.1029
238.076243,-1.21684674,-2.86031853,0.307961405,-0.131871403,29536.1932
238.002205,-0.89460703,2.2486618,-0.255761035,-0.101090621,29518.2433
238.002124,-1.54164081,-1.86452875,0.211498518,-0.17566801,29518.2298
238.057121,1.68341519,2.40157976,-0.26262949,0.185001569,29530.9417
238.035519,-0.978609224,1.37351993,-0.161590392,-0.114603596,29507.1664
238.095306,2.14067835,0.99201804,-0.112580652,0.244364441,29519.0387
238.034583,-0.908593183,-0.588801509,0.0700519309,-0.108605392,29500.8452
238.091369,2.79982982,1.65877006,-0.175473099,0.297799596,29540.8365
238.013426,1.57724854,-3.08346004,0.31890535,0.162138932,29545.8128
238.046873,-0.0726097066,-1.8515672,0.216287097,-0.0089532376,29509.6481
238.099542,0.718447378,2.28939263,-0.26041688,0.0823625903,29520.0266
238.071088,0.883189274,-0.0167319651,0.00222976588,0.105801242,29500.3663
238.025759,2.17785043,1.47939623,-0.165204742,0.244388937,29523.1001
238.0286,2.36479111,1.218925,-0.135745153,0.264826106,29523.8055
238.023419,1.04322552,-0.91721844,0.108930396,0.123360029,29503.4718
238.02613,1.70802614,3.15949675,-0.319837299,0.173937783,29550.6934
238.022209,2.63267244,2.38360818,-0.242492981,0.269169623,29549.1612
238.099153,1.33452783,3.04595631,-0.320403197,0.141300337,29543.1015
238.089992,2.03861829,2.51911005,-0.267391401,0.21744712,29540.3431
238.097825,0.534857055,0.062909119,-0.00743001667,0.0643511588,29499.3493
238.054142,2.27401001,-1.81026085,0.199266417,0.249126786,29530.2043
238.025035,1.21942097,-0.151479662,0.0183444147,0.145138417,29501.9638
238.013182,0.916689091,-2.34871476,0.265626503,0.10298508,29520.4241
238.07171,3.60583706,1.9264323,-0.174069038,0.328013224,29573.9999
238.019164,-0.716628196,3.44698062,-0.353524929,-0.0725859935,29548.0738
238.031667,-1.62266787,0.109000178,-0.0132565169,-0.191178559,29506.3665
238.097853,-1.93688506,-2.68902443,0.283088109,-0.204942667,29542.7124
238.015658,-2.78201507,2.10071238,-0.217101778,-0.286042909,29546.7038
238.045156,-2.82010242,-0.0390701674,0.00360531121,-0.311929254,29527.9221
238.074429,3.0510572,0.499671239,-0.0531757725,0.329554747,29535.6146
238.043153,-2.63277322,0.95658842,-0.10665319,-0.291451009,29527.3644
238.075657,1.98361511,-0.864315802,0.100148232,0.228462102,29515.075
238.007966,2.26439713,2.54677692,-0.264375431,0.236215645,29543.9055
238.028407,1.41865467,0.623778431,-0.0732799314,0.167638289,29505.2739
238.091523,4.15720995,1.18372086,-0.0969500169,0.344485803,29589.1414
238.063392,-0.00692488066,0.911318554,-0.109128821,-0.000596999415,29500.3547
238.050382,0.848241927,1.69629206,-0.197679774,0.0993899417,29510.2846
238.028411,1.65805165,2.07826564,-0.2320726,0.186011013,29523.7572
238.025737,-3.1169247,-1.77636713,0.179393033,-0.316607135,29550.5234
238.089401,-2.77041551,-3.28410627,0.27484324,-0.233276496,29587.0573
238.035325,0.671088027,-0.839877591,0.100435539,0.0799006662,29500.8318
238.061488,-2.73913931,2.88671855,-0.271299354,-0.256035808,29568.1666
238.050331,1.16796949,1.49353445,-0.173947331,0.136641332,29510.2749
238.086549,4.14064314,2.11164439,-0.0349063626,0.0710366723,29660.5394
238.043495,0.918618993,0.423289581,-0.0504011368,0.109995222,29500.7183
238.097714,-0.56551828,2.31398106,-0.263748059,-0.0638335788,29519.5861
238.047384,1.86026397,0.0109141522,-0.000801751173,0.217277021,29509.7398
238.093622,1.3073804,3.00360201,-0.317955074,0.139303567,29541.4793
238.060227,-4.27939228,-1.77177828,0.106488355,-0.260265327,29619.741
238.019648,-0.772086741,-4.59908469,0.249926837,-0.0431524851,29626.1829
238.063061,-0.696397899,0.0950448698,-0.0116060108,-0.0837114578,29499.1993
238.092371,2.84497949,-1.60007028,0.170509133,0.301475603,29541.1256
238.067696,-3.7825977,-1.4377812,0.131282847,-0.348270149,29571.8379
238.003668,-2.10974053,-3.93333963,0.297133271,-0.160654005,29598.512
238.096477,2.43169551,-2.23339751,0.236522241,0.256279501,29542.3043
238.06146,-0.0252076113,0.575627538,-0.0691956344,-0.00288256058,29498.6632
238.099201,-1.2459141,2.04685214,-0.233342845,-0.141320641,29519.9443
238.001108,4.14404669,-1.88330291,0.131074547,0.285634916,29607.5867
238.050802,3.72379341,0.98457955,-0.0941128757,0.359761626,29562.132
238.041128,3.66244559,0.819636916,-0.0798711961,0.361246524,29557.5741
238.024067,2.59443279,-0.339112394,0.038696395,0.290925866,29522.7081
238.097422,-3.00348772,1.39138809,-0.147570765,-0.316545174,29542.5834
238.086383,0.847198454,2.11331128,-0.241937336,0.0976132049,29517.4125
238.04432,-1.19717084,-1.36574383,0.159406113,-0.14034427,29509.1988
238.086841,-3.80907842,1.92162253,-0.164540784,-0.323749801,29584.9277
238.035305,-1.6694567,-0.215264668,0.024866158,-0.196191832,29507.1315
238.092579,-1.52734004,1.76463837,-0.201867092,-0.173934866,29518.4761
238.023862,-0.440880703,1.34288558,-0.159110487,-0.0518590544,29503.6623
238.074214,2.09077811,-2.27487398,0.246207339,0.225214796,29535.549
238.029874,0.0637527188,-3.62926311,0.365584227,0.00550163555,29552.4221
238.008983,0.464947387,3.38644436,-0.351682118,0.04915883,29544.2524
238.09304,-1.68146826,4.36236405,-0.2228951,-0.0846450688,29631.7405
238.086958,-0.896102655,2.09877308,-0.240631412,-0.10210942,29517.5011
238.086834,-2.20740306,-0.574510737,0.0652507903,-0.253011109,29517.4821
238.06254,2.25964344,1.94339309,-0.21152308,0.247103397,29532.4053
238.035964,2.86688923,2.33440082,-0.231796388,0.286151546,29554.9586
238.053202,3.65832514,1.28262806,-0.122237683,0.351613974,29563.1602
238.051542,2.93334019,-3.64688633,0.110619576,0.0874565855,29650.1075
238.025779,-1.09846865,0.511078639,-0.0611454496,-0.130690104,29501.8881
238.029897,-0.219300476,1.57947292,-0.186327226,-0.0254611131,29505.8231
238.024743,1.23561381,0.0139784657,-0.00134968811,0.147084535,29501.9891
238.033224,2.33901503,2.82322762,-0.282018441,0.234854096,29553.7652
238.072401,-1.47404901,3.82081662,-0.346676932,-0.132631719,29574.3719
238.072759,0.364228876,-4.08266599,0.369710871,0.0319393491,29574.5675
238.000756,-1.96725749,-1.38585365,0.157085905,-0.224046503,29517.9734
238.094362,-0.527300782,-0.125388105,0.0149446398,-0.0634474902,29499.2957
238.043537,-0.259168071,-0.418448661,0.0503606727,-0.0313393646,29497.7104
238.018182,-2.33857577,-1.05252895,0.117940231,-0.263631006,29521.5612
238.094283,1.90332946,-2.67353644,0.283587537,0.200864592,29541.6669
238.023463,1.3022034,-0.406479554,0.0485352463,0.154323628,29503.2713
238.038044,0.819838601,-0.653422922,0.0782830487,0.0977920647,29500.7861
238.017188,2.31485833,1.08363688,-0.121531443,0.261142797,29521.3726
238.029999,-0.394524939,-0.317415322,0.0381189414,-0.0475854503,29497.5536
238.052589,-0.693887266,0.661286912,-0.0793025309,-0.0828578958,29500.3883
238.063017,0.850189339,3.90548767,-0.364148653,0.0803085714,29568.9784
238.001308,-3.07040991,-1.31574051,0.137374511,-0.322722253,29541.4247
238.030995,-0.556603045,-1.51604531,0.178558612,-0.0659934539,29506.1599
238.010959,-1.30009265,3.18308274,-0.330126574,-0.133894056,29544.9387
238.037295,-1.3273497,-3.46672194,0.344141101,-0.132772542,29555.6207
238.082624,2.01922689,2.44094654,-0.260864007,0.216837732,29537.9858
238.010085,-1.91369481,1.59912273,-0.181535571,-0.216258045,29519.7372
238.006369,-1.81395705,-4.10970181,0.302892872,-0.134932764,29601.1039
238.05403,-0.714077321,-0.0579181911,0.0067812402,-0.0858659657,29499.0854
238.036243,1.08520044,2.50979889,-0.279197515,0.121476616,29525.6634
238.052686,-1.65293641,4.3792226,-0.133267572,-0.0490362841,29650.0101
238.050904,1.80909425,2.23574813,-0.245594254,0.199664976,29529.4039
238.024581,-1.21076615,0.773437114,-0.0918333072,-0.143080312,29503.9161
238.064022,-1.3474153,-2.67302995,0.291085649,-0.147580414,29532.7666
238.045317,1.82742616,-0.108563432,0.0131553013,0.21359117,29509.3828
238.024812,3.56245484,0.333394912,-0.0329656721,0.361980033,29550.1379
238.088343,2.24203161,0.488978061,-0.0553930626,0.256723179,29517.7202
238.057689,-1.79556811,-0.825836327,0.0955282892,-0.208903454,29511.7968
238.079794,-2.58143876,3.29028529,-0.290203657,-0.226333027,29579.511
238.083035,-3.93176675,-1.54377007,0.132776032,-0.341088821,29582.1671
238.031711,3.61193204,-0.519798071,0.0531010527,0.362485168,29553.1348
238.074909,-3.02496561,0.660011811,-0.0719975333,-0.326285306,29535.7639
238.005564,-2.52476087,2.25288622,-0.235803415,-0.262969258,29543.1192
238.034217,1.64722024,0.254638985,-0.0295245598,0.193762816,29506.9453
238.019722,-1.71512225,3.08114228,-0.315999683,-0.174877302,29548.2702
238.057209,-3.64706474,-2.83742554,0.0269023624,-0.0364820611,29664.4091
238.004694,-2.18748046,2.57012616,-0.269157779,-0.227959867,29542.7799
238.084926,1.64983516,2.73020849,-0.291294706,0.176972005,29538.6595
238.022686,0.336940962,-0.690286992,0.0830013273,0.0402964483,29498.5842
238.036007,4.54215703,-1.01260191,0.0586781401,0.257797332,29624.0563
238.072871,2.12422559,0.210243357,-0.0237255594,0.245226121,29514.6102
238.071326,-3.05652905,-0.199052918,0.020782526,-0.331093888,29534.7016
238.073054,2.82654445,-1.220994,0.132734258,0.305297861,29535.2027
238.027197,-1.50663293,-0.14520403,0.016770644,-0.178022046,29504.9237
238.018367,3.50909483,0.160712146,-0.0156050191,0.360186369,29547.802
238.015826,3.48711443,0.0666083902,-0.00597617924,0.359150379,29546.7745
238.023785,-2.06186779,-4.18035197,0.229303134,-0.114412303,29625.5959
238.030674,0.0298718646,1.60924812,-0.189704984,0.00393063047,29506.0645
238.045319,0.0488158404,-3.79602216,0.370866717,0.00380660623,29559.318
238.02653,3.2413939,-1.55659696,0.158506935,0.327958786,29550.8719
238.053464,-0.166739365,0.136001577,-0.0163699449,-0.0199814123,29497.3256
238.057638,1.42648352,3.66461435,-0.347361799,0.136282604,29565.7277
238.027,-2.68345782,-2.40091341,0.242341982,-0.272227313,29551.0902
238.030239,-1.34512279,-0.870217863,0.102266604,-0.158825947,29505.9395
238.069603,-3.90870875,-2.11878256,-0.0460841592,0.0826550351,29681.331
238.039888,0.0452418927,1.03489431,-0.123703733,0.00567183478,29500.7717
238.017506,-1.72967844,-1.88550655,0.211999118,-0.195358474,29521.4404
238.085817,-1.2019457,4.08253852,-0.349526627,-0.10177872,29584.2654
238.036859,-1.0193953,-0.288880184,0.0342428536,-0.121824743,29500.8052
238.038314,2.23553579,-1.60931881,0.179543205,0.248207877,29526.137
238.012949,0.0204886099,-0.0520429288,0.00644190404,0.00250874872,29496.1777
238.040158,1.74535419,0.183210442,-0.0210185031,0.20450578,29508.1055
238.076064,0.541017585,0.678801572,-0.0812007981,0.0650017318,29500.3912
238.067609,-0.46766742,-2.9917471,0.325093678,-0.0515966554,29533.678
238.014124,-1.38378199,2.11737603,-0.239456078,-0.155725525,29520.6446
238.090365,-1.3524907,2.94905468,-0.313867022,-0.143037097,29540.4806
238.002611,-2.59677905,2.12245,-0.223114631,-0.271631048,29541.9238
238.023288,-1.44637618,-2.17141119,0.243330771,-0.162877325,29522.5331
238.023985,-1.11280999,0.604225504,-0.0721485419,-0.132201696,29502.1416
238.082596,2.23518115,0.117086715,-0.0128817881,0.256796647,29516.6055
238.029273,-1.26513835,-0.940057398,0.110590158,-0.149504733,29505.568
238.062736,-3.98695625,-0.233321418,0.0207758304,-0.372344133,29568.8253
238.060196,-3.92029975,-0.589755998,0.0545148264,-0.369130329,29567.5249
238.07606,-4.59576613,-0.365679018,0.0220881452,-0.292317943,29616.7533
238.025478,0.203992793,-1.20127452,0.143098325,0.023985706,29501.9209
238.03315,-1.19773956,1.13522168,-0.13391721,-0.140681909,29506.7453
238.036932,-3.70395439,0.173970148,-0.0182377584,-0.368253662,29555.4338
238.076189,-1.81195553,-2.52504875,0.271691954,-0.195934452,29536.1755
238.028699,-0.940669072,-3.49382617,0.352384337,-0.0958242482,29551.9043
238.088655,0.87054347,-3.10752603,0.331123609,0.0919088303,29539.8592
238.000623,-2.23849681,-0.879632206,0.0994606614,-0.254775183,29517.9429
238.056268,1.94565809,-0.246101592,0.0291231486,0.226269628,29511.5641
238.061992,-2.9755525,-0.0140844241,0.00078189051,-0.324867964,29532.2512
238.053192,-2.00799546,-3.31595948,0.317912982,-0.193661174,29563.1559
238.066264,-3.89103883,-1.05583794,0.0965566731,-0.359735814,29570.887
238.069483,-2.04220565,-0.490698545,0.0561894388,-0.236136377,29514.0316
238.041755,1.59807376,-3.40292419,0.335412866,0.156461542,29557.833
238.065783,0.236150957,2.04860136,-0.237045321,0.0278531081,29513.2034
238.036942,-2.45976532,-2.77487301,0.275289,-0.245281689,29555.4387
238.032661,-1.00661774,0.450098305,-0.0539651063,-0.120002117,29500.902
238.051079,2.8768701,-0.0674041085,0.00814766027,0.316545772,29529.4457
238.0188,-0.571970068,-0.252067643,0.030122988,-0.0687475755,29497.6064
238.005174,-3.34798833,0.462953812,-0.0491997035,-0.349544914,29542.9748
238.055063,0.390444746,0.432839484,-0.0519180204,0.0470336888,29498.5182
238.092064,4.37765923,-1.34013683,0.09061691,0.292040582,29613.1471
238.023555,0.952583154,-0.93987804,0.111827813,0.112854813,29503.0175
238.035044,0.0766846659,3.68590083,-0.367718444,0.0085851075,29554.5366
238.065381,-0.29325313,-0.195200722,0.0234674613,-0.0354199525,29498.0175
238.075209,-0.0295072809,2.15858039,-0.248909775,-0.00285331471,29514.9917
238.060422,4.67950029,-0.278803606,0.0142396859,0.219054759,29635.0627
238.079112,-3.10785803,2.78577041,-0.246693332,-0.273626967,29579.0453
238.070362,-1.08572226,1.80837301,-0.209194572,-0.124971296,29514.2164
238.004046,3.75618437,-2.54811233,0.179608028,0.262714962,29606.3003
238.089679,-0.75470114,-2.18007938,0.249118819,-0.0868609469,29517.9437
238.006421,3.79986322,2.75791659,-0.106935311,0.149354406,29641.4842
238.076844,-2.09546565,0.58950133,-0.0684585935,-0.241299369,29515.3059
238.069834,-2.45031404,-1.81464145,0.196208518,-0.266239881,29534.2824
238.02559,2.46246101,-0.926955442,0.104495598,0.275694891,29523.0597
238.099305,-1.86691739,-4.30726822,0.163804534,-0.0722944516,29644.6394
238.085628,-0.593068198,-4.2122328,0.360485901,-0.0518443159,29584.146
238.09762,0.03344861,0.112712301,-0.0137976296,0.00412812379,29498.1881
238.025871,2.39247764,-2.67519447,0.271900145,0.241942659,29550.581
238.06756,-2.67528336,-3.03424971,0.278517622,-0.246932781,29571.7453
238.085421,0.190690739,-2.25950151,0.259111129,0.0212886384,29517.2567
238.078893,-0.50024078,-2.14147029,0.246400306,-0.0581326589,29515.7344
238.056806,2.84252524,2.70115637,-0.256253067,0.271104961,29565.1339
238.023703,1.02205912,0.968523401,-0.114427351,0.121272549,29503.6142
238.089887,-0.698683948,-2.2006798,0.251458275,-0.0804504452,29517.9798
238.001608,-3.75978757,-2.34537356,0.180686285,-0.291765947,29595.4879
238.038746,-3.25738682,-1.81288332,0.17879376,-0.323195941,29556.3927
238.049295,-0.412052342,-1.83881168,0.214501154,-0.0485576673,29510.0843
238.004643,0.592575635,-2.37032195,0.269217136,0.0666644242,29518.6671
238.048254,-0.442543418,0.874329465,-0.10471401,-0.0527213125,29500.5259
238.093502,2.42651049,-3.60446893,0.295234105,0.197420003,29590.7618
238.093504,-0.763820826,0.311438121,-0.0375736021,-0.0915939845,29500.5091
238.024598,1.18559272,2.33818743,-0.26187282,0.133529674,29522.8291
238.026666,1.08403213,-3.42998944,0.347654208,0.10891738,29550.9346
238.023567,-1.39387869,-0.163391292,0.0189954516,-0.165112941,29503.5751
238.0884,0.699829569,-4.22636702,0.356952331,0.0580048258,29586.1401
238.092789,-3.24334767,-0.401018061,0.0417099084,-0.344105117,29541.2436
238.08169,-3.24238975,2.67994734,-0.234574865,-0.282127611,29581.0029
238.041908,2.87862051,-2.4205636,0.238950158,0.282683293,29557.8965
238.011362,-2.27795952,-2.58095566,0.266697767,-0.236549727,29545.0768
238.027932,-3.19015334,-1.69085119,0.170067895,-0.322820031,29551.5396
238.006026,-2.4078368,2.38408036,-0.249306247,-0.250567666,29543.2682
238.027268,-0.346161593,1.47550502,-0.174390172,-0.0405170969,29504.9437
238.061331,1.64913439,1.15806711,-0.133894675,0.191562288,29512.3668
238.084154,1.88718273,4.19044006,-0.272595802,0.124041062,29614.7419
238.013892,0.83918806,2.38405389,-0.269047641,0.0953844504,29520.5899
238.064611,-0.744314971,3.94466181,-0.366464019,-0.0681113749,29569.8697
238.025794,1.45187106,-0.251810663,0.0301380352,0.171574741,29504.4697
238.000794,-1.90237637,1.47424616,-0.168115976,-0.215939678,29517.9821
238.058234,-3.47005809,-3.07117952,0.184513795,-0.210246567,29620.0855
238.024409,-0.512158276,0.00313220178,-0.000507752699,-0.0616468528,29497.4759
238.068391,-3.02873633,-0.20257303,0.0212346103,-0.329037345,29533.887
238.001891,1.93822112,-3.99045141,0.30854023,0.148614483,29595.8664
238.005317,-2.84302454,-1.83036834,0.190406011,-0.29732834,29543.0301
238.045851,0.943420231,-0.31721137,0.038187746,0.112778834,29500.6573
238.050099,3.841618,0.153533267,-0.0138718246,0.371499072,29561.7508
238.082014,0.390610199,4.19267544,-0.365014341,0.0350788298,29581.2881
238.062371,2.63523505,-1.38904634,0.152284357,0.287281381,29532.3579
238.009189,0.740998297,2.37275632,-0.268581447,0.0845369363,29519.5488
238.034938,-1.28413499,-3.45457262,0.344397505,-0.129015369,29554.4904
238.00383,0.400972428,4.52206199,-0.316606873,0.0292255466,29606.3823
238.040256,1.63456534,-2.24038606,0.249222941,0.18095795,29526.6079
238.0044,1.97054158,-1.44059736,0.164047898,0.223344341,29518.6237
238.025362,-2.25199955,1.35640318,-0.152585559,-0.252038352,29523.0058
238.021155,2.57987258,0.228963996,-0.0250793948,0.290018459,29522.1028
238.014782,2.48381303,0.507498787,-0.0566542537,0.280490301,29520.8004
238.066219,-3.3517847,-2.23979284,0.206101143,-0.310260615,29570.8577
238.093566,2.32912242,-0.255412978,0.0297412911,0.265740498,29518.6731
238.037044,-0.098981163,1.05303703,-0.125802853,-0.0115544849,29500.8019
238.069829,-1.11063768,1.78679779,-0.206750387,-0.127881333,29514.1087
238.080009,3.90948182,1.49282801,-0.130249733,0.344074357,29579.6664
238.023419,1.33981029,-0.372699326,0.0444929546,0.158627116,29503.4829
238.082599,-4.1476326,-0.769647048,0.0657817672,-0.360357435,29581.7975
238.037444,0.232323904,0.07584276,-0.00902294629,0.0278462124,29496.9429
238.058492,1.31597221,-3.717803,0.352126197,0.123578533,29566.3742
238.097321,-2.35368862,-0.341721784,0.0383360307,-0.268259084,29519.4935
238.093457,-1.71275393,1.59741299,-0.182746611,-0.195066917,29518.6509
238.030175,0.251367631,2.66382415,-0.297630162,0.0287675558,29524.219
238.026618,0.379986606,1.13063795,-0.134589173,0.0455530079,29501.7805
238.023496,0.734800901,1.13738607,-0.134753902,0.0874666512,29503.1775
238.042848,1.78663475,0.167396594,-0.0191320672,0.209087682,29508.8873
238.032553,1.46884135,0.73111017,-0.0857195083,0.173150743,29506.6243
238.045872,-2.7232924,-2.65305913,0.2582047,-0.266418649,29559.5675
238.025764,2.08748288,1.60447454,-0.179241301,0.234294812,29523.1014
238.041063,-1.59934778,-3.39445436,0.334262846,-0.158543266,29557.5471
238.054083,-1.29788894,-1.43856862,0.167232142,-0.151541261,29511.0925
238.043908,3.04384542,2.24417564,-0.219134765,0.298831611,29558.7069
238.060571,1.1719531,3.79184264,-0.35617504,0.111136323,29567.7097
238.038718,2.7466495,0.254933624,-0.0276470655,0.305444438,29526.2322
238.001388,0.785190698,4.35753225,-0.338068465,0.0620542767,29595.218
238.086207,3.68387873,2.13906109,-0.181703922,0.315077319,29584.5141
238.029324,0.755732011,-0.0377858468,0.00473191608,0.090776597,29498.7041
238.064015,3.98249529,0.451054244,-0.0409465237,0.370555312,29569.5318
238.05489,4.52589172,1.19865036,-0.0356962775,0.139408473,29649.7963
238.003352,-4.44886007,-0.305837834,0.022097642,-0.337878911,29598.0566
238.096833,-1.6578282,1.69893025,-0.194033565,-0.188494238,29519.3806
238.009031,3.05836011,1.52772732,-0.15792359,0.318082632,29544.2689
238.04587,-1.37759029,2.46893941,-0.273261517,-0.151648242,29528.1265
238.023355,2.18080863,1.43333971,-0.16030322,0.245103609,29522.548
238.090188,2.16767644,4.14343911,-0.209259742,0.110812512,29631.9992
238.096476,0.802916831,0.160689496,-0.0190851858,0.0964275671,29500.5069
238.012781,4.64524431,-0.688100479,0.0287868449,0.186237291,29640.5051
238.058533,-1.45992544,3.66421984,-0.347047983,-0.137195663,29566.4043
238.000185,3.97329695,-1.91429045,0.151356541,0.31158257,29593.8772
238.09975,3.97383877,-1.91455365,0.151564039,0.312004648,29596.0652
238.067498,-3.41359878,-2.16931751,0.198783028,-0.314709905,29571.7032
238.035987,3.65273434,0.572709062,-0.0561178087,0.363965503,29554.9699
238.00817,-2.79068236,1.95949301,-0.204502527,-0.289742736,29543.9738
238.026289,-1.19594513,-3.38839898,0.343080498,-0.122056248,29550.7631
238.094909,-3.9651741,1.81422649,-0.148056241,-0.320929936,29591.9057
238.092441,0.385391377,-0.731746452,0.08791522,0.0460640772,29500.5092
238.080983,-3.56877708,2.209492,-0.194269472,-0.311758586,29580.4167
238.054182,-3.4159145,-1.85530673,0.176890559,-0.327744762,29563.5907
238.036669,-2.01137752,1.85847313,-0.207403435,-0.223441221,29525.7589
238.02497,0.99334958,-1.05450742,0.125000334,0.117244494,29504.077
238.031426,3.31880072,1.50942213,-0.150781251,0.333754509,29553.0153
238.069868,1.13682605,-2.82957789,0.307196227,0.12258512,29534.2918
238.010607,3.17019352,1.32197653,-0.136229285,0.328945283,29544.818
238.066472,0.468176491,-2.01565359,0.233342126,0.0536579487,29513.3495
238.014766,-0.571942552,0.264327557,-0.0318859172,-0.0686106787,29497.5096
238.076993,2.31480127,-3.44228436,0.307174195,0.20529297,29577.6604
238.020051,3.15327071,-1.58602861,0.163153863,0.322380298,29548.3867
238.021522,-0.519373621,2.54059928,-0.285609136,-0.0577148751,29522.1722
238.093135,-0.395930194,-4.32305885,0.354058123,-0.0335320418,29590.4708
238.042342,0.175652503,-2.78781667,0.30912608,0.0187663786,29527.1463
238.022591,-2.45917498,-0.851338898,0.0949703578,-0.276348015,29522.3806
238.091682,-3.09083517,1.02821332,-0.109963984,-0.32792817,29540.9325
238.010912,-2.49994545,-0.0805125801,0.00847654704,-0.282916941,29519.9146
238.00744,0.966550754,-4.41689878,0.316778006,0.0681500346,29604.4756
238.023702,-1.06361871,0.762535406,-0.0908781408,-0.12618955,29502.6559
238.000286,0.028825184,2.40175565,-0.273149327,0.00388770093,29517.8639
238.09985,0.0288319442,2.40223052,-0.27340047,0.00389282829,29520.1004
238.067626,-0.38032107,-4.02799431,0.370460335,-0.0360089832,29571.7904
238.064885,-2.71239014,2.9631844,-0.275604232,-0.250894382,29570.0293
238.06279,0.660798278,0.630979061,-0.0753848181,0.0792844529,29500.3539
238.030734,1.56781239,0.368617862,-0.0430564389,0.184916583,29506.0824
238.013349,0.686443614,2.42752857,-0.274095055,0.0781721117,29520.4628
238.080994,4.19584002,-0.119115668,0.0114880707,0.367146985,29580.4258
238.084037,0.581735588,-0.615324491,0.0739363871,0.0696029953,29500.4503
238.09942,1.54510334,-2.94743511,0.310664079,0.161899969,29543.1822
238.023023,-2.00451956,-2.9415796,0.299181796,-0.204965475,29549.4521
238.016608,4.16994818,-1.83542085,-0.0038866451,-0.0116869145,29670.5171
238.003728,-0.322819098,0.424066854,-0.0510715671,-0.0387070117,29497.1766
238.035603,2.53529699,-1.00738537,0.112863519,0.282166576,29525.5225
238.004019,0.575240188,4.4305856,-0.333926133,0.0444937845,29598.9834
238.064675,-1.9937148,2.2409212,-0.244707416,-0.216691089,29532.9187
238.035333,-3.07410403,-2.04092056,0.202740432,-0.307062236,29554.6644
238.007887,-2.17454561,-3.95804901,0.284915809,-0.157834011,29603.7271
238.06226,-1.69702565,2.44708199,-0.26755006,-0.184621313,29532.3267
238.003149,0.490961752,-2.37893333,0.270349863,0.055164984,29518.4045
238.001297,2.29517361,3.92988536,-0.271027504,0.159619471,29607.4899
238.014571,2.3491363,-0.948290239,0.10765063,0.264956149,29520.7504
238.041417,1.63855213,-0.678203477,0.0798159181,0.191656995,29508.4601
238.088965,-1.89325038,4.27627283,-0.21634624,-0.0944879863,29632.1072
238.018011,-1.02407145,-3.35655175,0.344410458,-0.106007519,29547.6844
238.061999,2.57435799,-3.91481628,0.125950642,0.0814053933,29648.7931
238.054218,-1.66061095,1.00103737,-0.117012562,-0.193155071,29511.1251
238.069212,1.32755897,-1.62398745,0.188037085,0.153024693,29513.9696
238.091818,-0.384314266,-0.733740336,0.0879539199,-0.0463065461,29500.5084
238.043103,1.4841559,2.37511488,-0.262781995,0.165044117,29527.351
238.066906,1.25081831,-1.65412835,0.191676503,0.144280005,29513.4441
238.050526,2.14992977,1.9048685,-0.209162038,0.237168847,29529.3141
238.05334,2.89155086,-0.208240554,0.0236050069,0.317516974,29530.0014
238.026402,1.16722067,-2.36688455,0.265390356,0.130128678,29523.2543
238.073364,1.59907963,1.42154437,-0.163633287,0.184887552,29514.6861
238.036486,-2.16235768,-3.00604268,0.298595841,-0.215945456,29555.2105
238.026669,1.02089125,-4.58261397,0.193503185,0.0418917175,29638.7861
238.032296,1.5546903,2.20261649,-0.245454013,0.17408747,29524.7891
238.074413,-2.86986271,-2.95195983,0.264976441,-0.259060696,29575.6278
238.023424,0.267097213,-1.35342194,0.160467566,0.0313106122,29503.4003
238.091329,-1.81566483,-2.70024321,0.286351895,-0.193540226,29540.8229
238.072694,0.876851254,-0.0520630486,0.00646124186,0.10504,29500.374
238.080237,-1.20883833,3.27002429,0.503300585,0.186994645,29714.2634
238.07707,-2.79431138,1.37868484,-0.149176066,-0.300556943,29536.4602
238.039725,0.768670838,-1.57069011,0.184232698,0.0896653698,29507.9947
238.016335,-0.837966821,-3.39078808,0.348782647,-0.0871060812,29546.9882
238.051965,-0.454443817,-0.847443015,0.101281488,-0.0545904896,29500.4028
238.086959,0.484264028,-0.459257904,0.0553131946,0.0580768704,29499.4465
238.053502,-1.55424142,-1.14621111,0.133157415,-0.181385616,29510.9538
238.002862,3.2389639,0.879973983,-0.0913789785,0.339583074,29542.0238
238.097774,-0.8585253,-4.30585213,0.342958678,-0.0695160927,29594.3413
238.029105,-0.722641759,-1.39508402,0.164433204,-0.0856246717,29505.5057
238.030531,-1.60244232,-0.122196137,0.0139991643,-0.18895293,29506.0231
238.09348,0.201171705,3.26830259,-0.346339773,0.0221516626,29541.439
238.029119,2.55630626,0.755024248,-0.0837805799,0.286044579,29523.9403
238.0772,-0.821285062,4.06859753,-0.362266283,-0.0720524926,29577.8196
238.033458,0.263589862,-1.63393888,0.192327079,0.0306002818,29506.8049
238.029844,1.58645358,-0.145213428,0.0175294203,0.187064776,29505.8003
238.038395,2.8747763,2.36744499,-0.234004677,0.285632724,29556.2022
238.042792,0.6280343,-1.68010068,0.196744069,0.0730573804,29508.872
238.079036,-1.51896004,2.74140548,-0.295008911,-0.162547219,29537.0008
238.010087,0.828051327,-2.35241463,0.266545094,0.0931526736,29519.7377
238.096569,-3.16580175,0.940365035,-0.100121377,-0.334113549,29542.3311
238.08863,-0.141018391,-0.823435269,0.0987528498,-0.017128296,29500.4852
238.032241,2.64052148,0.541616996,-0.0597854358,0.294872356,29524.7744
238.026494,0.569196892,1.3811038,-0.163064716,0.0676148074,29504.7164
238.071259,-0.649394169,0.598044459,-0.0718115419,-0.077644981,29500.3671
238.087647,-2.28837393,-0.000887802019,-0.00048061322,-0.262012237,29517.6085
238.028109,3.50425054,-0.877036306,0.0894948214,0.35380562,29551.6239
238.028638,2.11854709,-1.60988209,0.180610438,0.23655869,29523.8153
238.023453,0.270238214,1.34000227,-0.158821761,0.0323841277,29503.2962
238.000192,1.33110464,-1.99827924,0.227615807,0.150887966,29517.8413
238.099756,1.33136696,-1.99867496,0.227825954,0.15102541,29520.0779
238.027244,-1.32821945,-3.34960063,0.338569997,-0.135234952,29551.2065
238.023462,1.04685025,-0.875202473,0.104054252,0.12392053,29503.2743
238.045518,-2.77072693,-0.545260219,0.0595870817,-0.306501055,29528.0257
238.023419,-0.505071525,-1.29158171,0.152900512,-0.0601701017,29503.4554
238.059062,1.93923842,2.22302351,-0.2426913,0.212702705,29531.4505
238.028672,-2.65485649,0.183009588,-0.021144073,-0.296903605,29523.8243
238.038829,1.02903907,-2.560485,0.284921228,0.113751886,29526.2587
238.098485,4.53684372,-0.465107824,0.0329745952,0.310307439,29610.7706
238.090999,0.0119800332,-3.25067741,0.345387342,0.000446769184,29540.7098
238.093419,-1.73437218,2.77677827,-0.294758378,-0.183123257,29541.4216
238.016775,-2.49681205,-0.529579691,0.0590633599,-0.281586106,29521.2779
238.026089,1.0841933,0.524755937,-0.0622258496,0.129267214,29501.8511
238.082308,3.84698716,-2.66345387,0.13315248,0.190237661,29632.7466
238.055104,0.119728956,-3.8960301,0.372480855,0.0104577891,29564.0436
238.001631,-0.988658414,-2.20298885,0.250155249,-0.112935809,29518.1464
238.019771,2.870239,2.04946313,-0.20915973,0.294459797,29548.2874
238.046854,-1.44931151,4.41362465,-0.258311374,-0.0835847873,29622.3029
238.093388,3.04743747,1.19576068,-0.125972235,0.323318648,29541.4131
238.040717,0.458358369,-0.92272343,0.11044604,0.0545706304,29500.7629
238.048197,1.9403771,-2.08707531,0.230730239,0.213522777,29528.7711
238.068331,3.58856728,2.91180298,-0.180175701,0.223907981,29618.467
238.074575,0.0321408801,2.15151665,-0.248148701,0.00425443353,29514.8776
238.045342,3.79474075,-0.1177996,0.0124702528,0.370681728,29559.3282
238.084024,4.14879602,0.854791651,-0.0726695225,0.358026022,29583.0115
238.045348,0.143371971,0.988413498,-0.118204258,0.0174028361,29500.6721
238.074769,1.40511987,-2.75747826,0.297985498,0.150960043,29535.7201
238.057718,-3.86134394,0.750302475,-0.0721550949,-0.366103378,29565.7885
238.024345,-0.275015795,1.21442161,-0.144591411,-0.0324191835,29502.0204
238.023762,0.628575336,1.2621973,-0.149296078,0.074749906,29503.6317
238.030148,0.0720805318,1.59887465,-0.188514018,0.00890585879,29505.914
238.005882,-0.429085491,2.4172257,-0.274344297,-0.0480663944,29518.8953
238.001291,-1.83381352,-2.79186793,0.292685988,-0.19325928,29541.4183
238.043378,0.306526536,0.96472267,-0.115324247,0.0369129644,29500.7207
238.036086,1.06780103,-4.52943787,0.257656081,0.0595321411,29624.0449
238.009038,1.64798749,-1.85911536,0.211021515,0.186213579,29519.5177
238.029505,-1.62626011,-2.11658657,0.236217349,-0.182348864,29524.0414
238.055422,0.806682607,-0.491495985,0.059023994,0.0964122095,29500.3463
238.02392,-0.64334265,1.10108261,-0.131094952,-0.0762206451,29502.2203
238.04235,-2.78736089,0.183953422,-0.0211025025,-0.308982103,29527.1485
238.091361,-1.12862676,2.02982482,-0.232192625,-0.128427409,29518.2441
238.03868,-3.43483943,-1.44698255,0.142515081,-0.340731152,29556.3569
238.007054,-2.53829753,-2.26015156,0.234786973,-0.264973629,29543.602
238.082196,-1.43025423,4.45511711,-0.221390112,-0.069829551,29632.7582
238.006605,0.58912702,2.3902596,-0.270934995,0.0674204164,29519.0326
238.033094,3.44729638,1.24373867,-0.123658962,0.345481261,29553.7113
238.073597,-0.556147071,-0.676313483,0.0808887299,-0.0668057067,29500.3783
238.08931,-0.232712621,4.28917646,-0.36012547,-0.0184477412,29586.9782
238.007874,-2.18353417,2.61522571,-0.272658452,-0.226524312,29543.8744
238.074259,2.96110165,2.85770854,-0.256628769,0.267413737,29575.5117
238.030012,1.16638129,1.09213496,-0.128491858,0.137821015,29505.8723
238.071202,0.340715597,4.0686975,-0.370055627,0.0320275567,29573.7378
238.058742,-0.999270144,1.71809807,-0.199818529,-0.115632153,29511.9592
238.090479,-2.31168652,0.111700718,-0.0133562911,-0.264209744,29518.084
238.054646,-0.724702295,0.611811717,-0.0733981374,-0.0865667341,29500.3539
238.041794,3.73817698,0.403483753,-0.0387711163,0.368082774,29557.8492
238.081622,-1.35778393,-1.76656817,0.202720046,-0.156524792,29516.3646
238.045347,0.436328633,-1.77832231,0.207987377,0.0505522504,29509.388
238.095028,-2.05584027,-2.56678512,0.271049252,-0.218163102,29541.8806
238.007604,-1.20391579,-3.18421754,0.33112559,-0.126116143,29543.7838
238.04075,0.933697011,0.435033494,-0.051779433,0.111753088,29500.7625
238.084836,-2.37713958,-3.5170426,0.301602017,-0.205147909,29583.6519
238.032286,2.66734127,0.391618411,-0.0430344754,0.297819925,29524.7865
238.053936,0.242840733,2.89447206,-0.317676525,0.0273926026,29530.1519
238.052611,0.47421302,1.86203694,-0.216935182,0.055751843,29510.7501
238.092748,-1.94780129,2.62367208,-0.278786141,-0.205933475,29541.2321
238.04074,1.7513837,-0.206051786,0.0245763164,0.205053878,29508.2649
238.081583,2.51667944,1.90775183,-0.203856876,0.270250911,29537.6925
238.056602,-1.16975018,1.57856857,-0.183890707,-0.135644257,29511.6198
238.052724,0.345102564,4.67725741,-0.214075587,0.0169848646,29636.1101
238.009524,2.35909334,-0.793040623,0.0904141085,0.266974717,29519.6187
238.045311,-1.95753673,-3.25262631,0.317277317,-0.192069536,29559.3144
238.07152,-3.74060282,-2.73768743,0.0358391782,-0.0509544229,29662.6181
238.007276,1.38935263,-2.03986582,0.231624989,0.157001203,29519.163
238.063424,-1.28033503,-1.58491375,0.183306196,-0.148745107,29512.738
238.035428,-1.59367755,2.21212817,-0.246854179,-0.17698626,29525.4848
238.093328,-2.00921909,1.20110409,-0.137600092,-0.229016474,29518.6251
238.020716,-2.12348695,-1.47633521,0.165440455,-0.23910957,29522.0206
238.023741,-0.483224658,1.20911749,-0.143813966,-0.0571187089,29502.5538
238.004561,-2.04306754,-2.68467222,0.280108178,-0.214238139,29542.7251
238.054382,2.99739855,-2.47857717,0.238121906,0.286415263,29563.6828
238.088936,0.457805494,-0.697911695,0.0838488549,0.0547471583,29500.4874
238.029512,-0.809502662,1.36070589,-0.160720405,-0.0951462028,29505.6618
238.093662,-4.22726819,1.74642651,-0.118433852,-0.283633473,29612.6461
238.081807,0.752394555,-2.09923571,0.241467639,0.0859422931,29516.4094
238.050964,3.69258997,1.10154485,-0.105375474,0.356651999,29562.2151
238.058439,3.77743763,1.13112069,-0.106092448,0.357782191,29566.3343
238.023521,-0.791416763,1.15708992,-0.137235247,-0.0934330596,29503.5624
238.04282,-1.1706946,3.58402542,-0.352327677,-0.114078648,29558.2599
238.015507,3.48136484,-0.148305361,0.0161624202,0.35864638,29546.64
238.000895,4.40875657,0.319288758,-0.0237941571,0.344020254,29594.6662
238.05952,-1.92485344,0.527403526,-0.0617218976,-0.223343218,29512.0762
238.073507,-1.96436727,2.22721822,0.538095543,0.47557607,29711.2538
238.042556,-0.439969692,2.7605748,-0.306118322,-0.048068934,29527.2035
238.090234,0.129186312,0.53061745,-0.0637682686,0.0156692577,29499.2292
238.066596,2.61576179,1.50601157,-0.163198232,0.284989752,29533.4106
238.06717,2.63400106,-1.48518567,0.162181624,0.286065018,29533.5613
238.021389,0.678747029,-4.61282545,0.25217662,0.0359146648,29625.9317
238.023474,-2.55823682,-0.521338881,0.0578531057,-0.287204519,29522.5747
238.066639,-1.34392929,2.70307288,-0.294438491,-0.14553327,29533.4217
238.036222,-0.0765833287,1.69527426,-0.199048174,-0.00856003598,29507.2781
238.066842,0.208294148,0.873496588,-0.104570132,0.0251711546,29500.3567
238.054478,3.88945677,-0.090155927,0.00961820642,0.372366402,29563.7278
238.064225,-2.09159738,2.14395188,-0.23424395,-0.227459024,29532.8117
238.03795,1.39219579,3.44892615,-0.3419163,0.139033904,29555.9632
238.071065,1.82742032,2.45512669,-0.265513066,0.19859668,29534.6274
238.075798,0.273034709,0.824827635,-0.0987655204,0.0329268916,29500.3897
238.04182,0.810692208,-0.623694197,0.0748001726,0.0967998634,29500.7481
238.023797,1.39697568,0.199956938,-0.0233210693,0.16546144,29503.6422
238.025786,-3.46035054,0.948841348,-0.0971139599,-0.350723043,29550.5444
238.07748,0.919563478,2.98107641,-0.320653413,0.0997398394,29536.5894
238.095095,3.77930644,-2.75091773,0.141959368,0.193015409,29631.5172
238.085694,-2.78543444,-3.21590268,0.274543691,-0.239219522,29584.1877
238.080404,-1.35594883,1.75191562,-0.201877347,-0.155535785,29516.0766
238.026641,1.34276278,0.663977229,-0.0781176219,0.158836154,29504.7607
238.023731,-0.402775656,-1.23997116,0.147250396,-0.0481793512,29502.5787
238.023451,-1.35280268,0.200382473,-0.024103773,-0.160353354,29503.3013
238.025521,-0.0912056315,1.46264979,-0.172974616,-0.0104127457,29504.3366
238.040789,0.800897123,1.57189839,-0.183878678,0.0941910828,29508.2786
238.026458,2.68770857,2.38754692,-0.24120875,0.272902747,29550.8389
238.050098,3.55412272,1.46621057,-0.140873966,0.344032977,29561.7506
238.069181,-2.15542441,3.44318959,-0.315755583,-0.196444749,29572.7606
238.031325,-0.508118032,-1.53889584,0.181237986,-0.0602755075,29506.261
238.097967,3.23712288,2.96914963,-0.235536214,0.25843965,29594.5271
238.045758,-1.621754,2.31456374,-0.256284082,-0.178694054,29528.0942
238.084755,2.11386727,-0.801366943,0.0924606516,0.242271052,29517.1364
238.045649,-3.79260864,0.232218958,-0.023633093,-0.370207527,29559.4662
238.075744,0.0370975602,-4.133147,0.370019542,0.00227285843,29576.6843
238.016997,-2.41592634,0.829254128,-0.0940770012,-0.272082338,29521.3294
238.010095,0.514971584,-3.39067542,0.351834787,0.0525567736,29544.6385
238.091126,-2.74460185,-1.74421525,0.184604804,-0.292021824,29540.7542
238.031278,-0.622345341,1.49548704,-0.17641307,-0.0729679683,29506.2465
238.06754,0.68497298,-1.96435863,0.227362817,0.0787208948,29513.5855
238.078938,-0.0408920466,-0.45206622,0.0545760462,-0.00505384874,29498.3145
238.079878,-1.1358819,2.9294756,-0.314851894,-0.121224386,29537.2249
238.063683,-4.42246277,0.211170609,0.00405376293,0.108379315,29681.825
238.016384,2.71645596,2.19633867,-0.225356338,0.280128471,29547.009
238.067558,-1.76216109,-2.46193085,0.267185996,-0.19218648,29533.6644
238.033474,1.30585871,-1.01726966,0.120029233,0.153395049,29506.8081
238.066508,-3.94609053,2.4099589,-0.15004977,-0.243445054,29618.7567
238.030916,4.55862926,-0.95310084,0.054552373,0.255164572,29624.6843
238.050089,-0.312616011,1.86729389,-0.217947269,-0.0359997889,29510.2289
238.087371,-3.19330467,0.366256721,-0.0398588493,-0.340347523,29539.4242
238.068536,-0.390588178,-3.01165176,0.326984814,-0.0431851256,29533.9261
238.023887,1.27783377,0.0781942863,-0.00897210083,0.15195067,29502.2709
238.028163,0.863145142,1.27806121,-0.150685734,0.102239244,29505.2038
238.066229,-0.756849331,2.91820682,-0.317806137,-0.081632732,29533.3151
238.038616,1.6110593,2.23788447,-0.248422749,0.179701771,29526.2081
238.056798,0.523894531,-3.88598106,0.369831463,0.048855766,29565.1282
238.096028,2.99935367,-3.44461002,0.234300666,0.202478005,29611.72
238.031896,-2.45092259,1.11384344,-0.124975632,-0.273344559,29524.6816
238.097097,4.33490661,0.651131379,-0.0510071066,0.34706025,29593.705
238.007312,0.0497490431,0.795904292,-0.0955321959,0.00617481039,29498.3127
238.029495,0.197546637,1.57039785,-0.185202612,0.0237028961,29505.6547
238.03411,4.16840052,-1.10346173,-0.0471328162,-0.182305489,29688.361
238.012919,0.73111875,-0.288535552,0.0348334488,0.0877186988,29498.3945
238.088642,1.76030165,-2.7046369,0.288452644,0.186758292,29539.8546
238.062466,1.35959797,1.50379198,-0.173961936,0.15797567,29512.5633
238.031898,-3.73029318,2.7872745,-0.157514637,-0.20883801,29624.5684
238.032506,-0.578769937,1.53445995,-0.180846064,-0.0677660784,29506.6136
238.022726,3.52356597,0.48395722,-0.0484364012,0.35927347,29549.346
238.023729,1.04065798,0.785751405,-0.0931103635,0.123866424,29502.5823
238.03774,2.44048527,1.26524048,-0.140139988,0.271826058,29526.0033
238.00023,3.16736345,1.0298309,-0.10747109,0.333265167,29541.0769
238.099794,3.16794286,1.03001774,-0.107576703,0.333599363,29543.2953
238.068775,-3.70174824,1.6624341,-0.153325525,-0.338894248,29572.5299
238.023534,-0.183949259,-1.39016568,0.164588821,-0.0221382788,29503.5659
238.001971,1.74500062,-1.67364932,0.190653181,0.19789372,29518.204
238.029545,-0.264402998,1.56206108,-0.184330112,-0.0307921668,29505.6752
238.081001,-0.379810575,2.18892241,-0.251809072,-0.0431188374,29516.2165
238.077963,0.708467651,-3.042746,0.327545025,0.0754495499,29536.7233
238.037175,-0.832471196,-1.49503186,0.175190591,-0.0980481679,29507.441
238.030884,-3.25307194,-1.63258258,0.163343874,-0.327530868,29552.7872
238.070879,1.77959608,1.14203569,-0.131459204,0.205843257,29514.3002
238.026822,-1.50199008,0.0569867366,-0.00711511995,-0.177453047,29504.8147
238.076402,-1.47922374,2.73552335,-0.295149703,-0.158701713,29536.2451
238.062818,-0.0294369467,-0.35423548,0.0427267281,-0.00364283577,29497.9762
238.031302,-0.948542291,1.31353262,-0.15504973,-0.11145788,29506.2538
238.030444,0.0454918887,-1.12500197,0.134196484,0.00513984098,29501.082
238.023921,-1.26899953,0.125595624,-0.0152575592,-0.150866734,29502.2198
238.061106,0.811351742,2.85476354,-0.311658911,0.0893597037,29532.0019
238.046462,1.85209951,2.14371865,-0.236371408,0.20516605,29528.298
238.037134,-1.70250043,-0.165929083,0.0190351368,-0.199790478,29507.4334
238.078931,2.28416105,-2.54249343,-0.417150343,-0.37592032,29713.0513
238.058834,-0.38913629,1.95009167,-0.226597798,-0.0447012603,29511.973
238.045154,3.18647206,-2.06049267,0.202180512,0.310888792,29559.2444
238.065371,0.470200161,3.99473147,-0.369946965,0.0445713601,29570.3232
238.06797,3.37618946,-2.23593475,0.206335268,0.30969609,29572.0172
238.044099,1.86546476,4.25681807,-0.24655208,0.10932978,29622.7545
238.030266,0.0648807859,0.389304928,-0.0470441948,0.00794303114,29497.2826
238.077988,-0.757125683,-2.05423456,0.236385724,-0.0877175469,29515.5409
238.035405,-3.64163185,0.600001683,-0.0607477668,-0.362940227,29554.6971
238.019756,2.23548977,-1.28415338,0.14503293,0.251161755,29521.8436
238.026515,-3.18098753,-1.6762534,0.169004429,-0.322667045,29550.8651
238.066577,-2.1446808,2.12356128,-0.231603724,-0.232815508,29533.4056
238.028363,1.1561971,0.025756082,-0.00277588819,0.137822257,29501.4874
238.074585,0.945631239,1.93295424,-0.222706546,0.109560479,29514.8793
238.037564,1.50971447,-0.817688483,0.0962951188,0.176874459,29507.5136
238.090085,3.19172319,0.566419548,-0.059423211,0.339554941,29540.3773
238.069261,0.158313284,3.03961473,-0.329845353,0.0179536302,29534.1246
238.051936,0.769794989,0.576510765,-0.0687838118,0.092253377,29500.4035
238.01034,1.81242963,-1.71635376,0.194753116,0.204732246,29519.7914
238.037659,1.98410901,-4.20814816,0.240639542,0.112158179,29623.8089
238.010103,2.43718827,-0.529484083,0.0605652985,0.275795569,29519.7411
238.098465,-2.15923945,1.0227482,-0.117022401,-0.245637118,29519.7657
238.047945,-3.85280402,2.65381587,-0.0791915395,-0.11288419,29650.3735
238.014875,1.94394158,1.62850941,-0.183314905,0.21982262,29520.8225
238.059651,2.220516,-1.94994917,0.213791952,0.242317265,29531.607
238.064004,0.962532063,1.80267096,-0.208563788,0.111950952,29512.8473
238.007331,3.91238813,2.26773694,-0.161392666,0.280718156,29604.5703
238.031351,0.936450947,1.32319617,-0.155706121,0.110700719,29506.2689
238.075369,-0.631755672,-4.08010512,0.365667571,-0.0576784075,29576.3765
238.085066,-2.78928206,-1.55068852,0.164957701,-0.298381531,29538.7017
238.035724,0.0614515618,1.68843479,-0.198285581,0.00764652981,29507.1994
238.084873,3.25942265,-1.62721925,-0.213798828,-0.43030867,29720.6007
238.074758,-0.452441841,4.6602138,-0.226898546,-0.0208376472,29633.542
238.021228,-3.53473547,0.218515876,-0.0232228425,-0.361101849,29548.8047
238.060784,0.522990088,0.758488055,-0.0906722321,0.0628050947,29500.3491
238.049189,3.83158849,-0.177375583,0.0181565967,0.371174127,29561.2553
238.010294,0.607429404,3.37740216,-0.350080183,0.0638454903,29544.7081
238.064376,0.0206945522,2.04735806,-0.23710662,0.00291741014,29512.9194
238.023065,0.347834796,0.684131953,-0.0820880997,0.0419557192,29498.5915
238.006212,2.16601818,-2.60816872,0.27254947,0.225226627,29543.3283
238.023495,-0.982631074,-0.932322672,0.11035984,-0.116815061,29503.1818
238.057977,1.19307148,-1.57949292,0.183851805,0.138241265,29511.8422
238.065889,-0.811203432,-2.9001073,0.315523072,-0.0890503456,29533.2274
238.088803,-2.11491953,-0.901245935,0.102581164,-0.242213877,29517.7953
238.079471,0.00605203403,4.17810857,-0.368207681,0.00159296922,29579.2885
238.033822,4.10790213,2.04118649,-0.00499223448,0.012652129,29668.2408
238.05256,0.307756684,-2.8752412,0.316061651,0.0330914804,29529.8069
238.083375,-0.340680961,-2.22038097,0.254845917,-0.0396799827,29516.8025
238.030571,-1.5080006,-2.21478656,0.247073497,-0.169048956,29524.3243
238.024405,-2.59567212,0.354347685,-0.0403962961,-0.290992576,29522.7851
238.029044,-1.04044462,-1.17478655,0.138363969,-0.123074074,29505.4835
238.019787,3.25323775,1.36240609,-0.138697401,0.333500476,29548.293
238.054909,-1.14225819,3.72401672,-0.356487383,-0.108310498,29563.9308
238.028909,0.0741449642,1.56339358,-0.184484205,0.00914762429,29505.4355
238.029592,-1.13259525,0.0726678321,-0.00895407181,-0.135047713,29501.1845
238.080464,-1.92122364,1.10432077,-0.127520623,-0.220719348,29516.0906
238.066021,-0.574599361,0.694217791,-0.0832924216,-0.0686423195,29500.3567
238.037708,0.0364152498,1.7186668,-0.20156687,0.00470791784,29507.5415
238.056765,1.32990653,-1.44859002,0.168797922,0.154288778,29511.6468
238.065742,0.360613179,2.98830411,-0.325277028,0.0400226953,29533.1897
238.047553,-0.12901383,3.81692266,-0.371166388,-0.011576643,29560.3821
238.033178,1.48336933,-0.724141298,0.0856047749,0.174400174,29506.7508
238.038195,2.19731067,-3.00414465,0.298539961,0.217188915,29556.0941
238.029023,-0.115087646,1.56441884,-0.184638059,-0.0131831375,29505.476
238.041459,3.75434346,-0.125632184,0.013327934,0.369804909,29557.7103
238.04054,1.67903579,-0.529429707,0.0624353421,0.19651848,29508.209
238.056376,1.62875268,-1.09445146,0.127720495,0.18917691,29511.5821
238.091174,1.06016742,-4.57163784,0.168489417,0.0378527588,29645.3243
238.046927,1.97076521,-2.04137222,0.225944608,0.2171265,29528.4326
238.064849,-0.7651043,1.90447472,-0.220712207,-0.0881061551,29513.0125
238.043802,0.494723572,-3.74810415,0.36748214,0.0475378903,29558.6629
238.042897,3.76957217,0.110323172,-0.00987874254,0.370220256,29558.2912
238.07412,-4.4111401,1.43179247,-0.0212545854,-0.0616806607,29662.2933
238.007548,3.32293883,3.06420711,-0.219106079,0.239290497,29604.2896
238.01171,-2.61797428,-3.25135925,-0.20936553,0.167225276,29694.0437
238.009618,4.24038434,1.95191083,-0.102383536,0.225240566,29627.5009
238.00289,-1.82961903,4.05926168,-0.310302212,-0.138625785,29597.3314
238.015546,-1.64142742,1.94062939,-0.219355113,-0.18468946,29520.9832
238.003579,2.16375815,1.11285215,-0.125837452,0.246018381,29518.4792
238.085347,-3.5240595,-2.37674598,0.202864129,-0.302716162,29583.9679
238.045873,0.299781587,0.51113786,-0.0613330458,0.036147278,29498.2994
238.085455,-2.26461404,-0.121783308,0.0133866105,-0.259673697,29517.2626
238.00619,-2.28824132,0.897329706,-0.102369274,-0.259337132,29518.953
238.057732,2.6378464,1.29424665,-0.141038248,0.289146167,29531.1001
238.099339,0.128948177,-0.802715026,0.0964142979,0.0152778434,29500.5105
238.072478,-1.81426822,-1.11717728,0.128500342,-0.209713874,29514.5504
238.063641,-0.861575738,2.86327633,-0.312470342,-0.0932303344,29532.6827
238.051545,2.85412436,-0.400343292,0.0447603128,0.313832438,29529.5581
238.001477,4.47854517,0.804182539,-0.0545021456,0.310030335,29607.4003
238.025667,-1.13061303,0.442493961,-0.0529833905,-0.134529971,29501.9007
238.063709,1.90285086,0.736621716,-0.0848524123,0.220628172,29512.7914
238.088162,1.77657327,1.44982024,-0.165497491,0.203718142,29517.6908
238.091634,2.27384756,0.485091351,-0.0548346469,0.259869108,29518.2951
238.076731,-0.0573862893,-2.17480264,0.250589075,-0.00716588894,29515.2832
238.045641,0.174159571,-1.8270027,0.213586831,0.0198914506,29509.4392
238.072055,1.69997142,-1.2773309,0.14790548,0.195942761,29514.4851
238.095766,-1.84305363,-2.73169399,0.288304939,-0.19552593,29542.0959
238.056231,2.62208377,1.29614002,-0.141391313,0.287707534,29530.7156
238.015927,0.1387159,0.243631659,-0.0291613464,0.0166875979,29496.4943
238.066025,-0.540023631,0.721423144,-0.0865419881,-0.0644942915,29500.3567
238.077914,2.18076033,0.184099672,-0.0206480846,0.251204712,29515.5255
238.062417,3.181667,-3.44180456,0.162868739,0.14894293,29634.8165
238.087141,1.67513633,-2.74052907,0.292657926,0.177927911,29539.3497
238.018761,0.672853017,2.47983454,-0.278992923,0.0763744993,29521.6634
238.015361,-0.947539126,3.35168453,-0.345626033,-0.0967922703,29546.579
238.043601,-1.04199289,-1.474608,0.172222616,-0.122258307,29509.0559
238.068981,-0.534550187,-2.02586004,0.234032059,-0.0623034464,29513.9163
238.062582,-3.99192059,-0.0233072233,0.00116512358,-0.372935532,29568.7401
238.062752,-0.396460214,-0.41620416,0.049926337,-0.0477611247,29498.6914
238.07495,3.03456508,-0.616257736,0.0672752762,0.327318973,29535.7767
238.072236,0.270726947,-0.8371193,0.100360207,0.0322208908,29500.3718
238.033011,1.37259267,-0.912204272,0.107725641,0.161337175,29506.718
238.058907,1.54289807,1.25571513,-0.145450331,0.179515608,29511.9839
238.077538,2.02829231,-0.810973128,0.0939318431,0.233430914,29515.4473
238.076391,3.65981157,2.56102349,0.0464128476,-0.0643542696,29679.7117
238.084427,0.229077331,0.38438508,-0.0463673929,0.0277668559,29498.4318
238.004604,-2.37900706,-0.555084533,0.0624082313,-0.270198041,29518.6602
238.061377,0.781429604,2.86554702,-0.312787418,0.0860780853,29532.0776
238.091001,2.29266907,-3.10696087,-0.322999079,-0.239558162,29703.6974
238.055586,2.40010904,-3.07957647,0.29462206,0.228360206,29564.3314
238.076133,1.5551379,-2.69025165,0.290368996,0.166938789,29536.1574
238.017761,-3.00811874,1.80252884,-0.185925502,-0.308545764,29547.5895
238.004206,4.3584652,-0.992027207,0.0757645749,0.327775013,29599.1854
238.001381,-3.82761573,-2.22553622,0.171810121,-0.297713843,29595.2101
238.056012,-0.47517235,-0.813070993,0.0971846745,-0.0570742378,29500.3423
238.050599,-0.611209006,0.751068667,-0.0900170815,-0.0729364345,29500.441
238.076648,1.61102146,-1.46071589,0.168735732,0.185273876,29515.2665
238.069292,0.145761745,0.113671417,-0.0136696712,0.0176093197,29497.7771
238.078196,-2.93922666,-2.94735781,0.260454622,-0.261224232,29578.4672
238.049522,3.81944624,0.386914733,-0.0364908244,0.369873853,29561.4367
238.038524,-0.986325093,1.42262268,-0.167037969,-0.115274036,29507.7113
238.036023,0.00766223105,-1.06791295,0.127512296,0.000643004075,29500.8195
238.01915,-1.31032226,-2.21418337,0.248860742,-0.148030267,29521.7331
238.045172,-0.983247587,1.54170198,-0.180478976,-0.114551905,29509.357
238.038613,2.71550975,0.479069467,-0.0525789655,0.302060393,29526.2075
238.000757,-1.00885477,-4.30148265,0.335793561,-0.0799027949,29594.4964
238.067073,1.27834091,-1.63513868,0.189473779,0.147458689,29513.4809
238.03165,-2.06920146,3.00492897,-0.302239103,-0.206997756,29553.1091
238.083469,-0.322049718,4.21701315,-0.364737638,-0.0267787936,29582.5354
238.029172,-0.372666516,-0.485647238,0.0582297982,-0.0448799936,29497.8727
238.02169,-3.46936852,0.733969656,-0.0758171807,-0.354029439,29548.9728
238.064731,1.27917086,-2.71360827,0.296022341,0.138698926,29532.9327
238.045475,1.29529117,-1.29684089,0.151915932,0.151075222,29509.4105
238.037181,-1.93561144,-3.16606187,0.314179918,-0.193178774,29555.5617
238.055681,-3.84349785,-0.694242981,0.0652896759,-0.367026136,29564.3896
238.068109,3.22105555,2.45656239,-0.224838155,0.296499404,29572.1081
238.044801,3.0826499,-2.2065465,0.216588576,0.300929635,29559.089
238.007761,-1.09966178,4.3712372,-0.318548045,-0.0789607519,29602.6183
238.096292,-2.7568077,-1.81392122,0.190937164,-0.291710215,29542.2502
238.056823,-1.15841971,1.58983448,-0.185173337,-0.134305582,29511.6564
238.049917,1.53091669,1.1106408,-0.129203923,0.178914036,29510.1967
238.046242,-0.216342683,-1.8311322,0.213919406,-0.0257459325,29509.5402
238.076008,-0.21805518,3.09858295,-0.33408331,-0.0227190091,29536.1165
238.076676,1.52319426,3.85445494,-0.343352747,0.136814417,29577.417
238.09423,-4.04712495,1.60295223,-0.131477014,-0.328950409,29591.3503
238.063793,-2.90268669,2.76027352,-0.257659191,-0.269475908,29569.4086
238.077364,-2.60873367,-3.6293864,-0.0633940061,0.0441733555,29679.4151
238.023418,0.887701956,1.07248365,-0.126820857,0.105429781,29503.4935
238.056812,0.207295355,0.0238575281,-0.00281282376,0.0249128297,29497.4314
238.037268,0.0938795693,-1.05124292,0.125597719,0.0109465294,29500.7978
238.023688,1.13567412,0.655197887,-0.0775611064,0.135105806,29502.6939
238.022937,-0.59023174,-2.53794633,0.28475571,-0.0669023075,29522.4559
238.078181,1.81946661,-1.2214066,0.141116201,0.209212164,29515.5815
238.014682,-3.85905156,-2.41510869,-0.00903514551,0.0122695244,29670.8503
238.028471,-1.53825238,0.20405509,-0.0244799204,-0.181539392,29505.2933
238.048573,-0.0981886712,-0.973428931,0.116433083,-0.0119949997,29500.5129
238.023749,1.29738332,-0.0933844641,0.0114280189,0.154161086,29502.5335
238.002039,2.43398056,-2.29880772,0.241747773,0.254724855,29541.7
238.001726,3.01740815,1.44311451,-0.150675043,0.317007267,29541.5811
238.003844,-4.43650631,0.509037086,-0.0395741594,-0.334999011,29598.7552
238.027636,-4.06589084,-2.09913187,0.000932330189,-0.00432625016,29669.2038
238.01597,-1.06700322,-2.31095204,0.260372139,-0.120928893,29521.0856
238.093706,0.469508315,-0.272103707,0.0328435389,0.0563935063,29499.2853
238.056792,-1.703888,-0.982332832,0.113802637,-0.198394821,29511.6513
238.035255,0.943552252,1.39306427,-0.163431793,0.111212209,29507.1233
238.030356,-2.60832835,0.60415022,-0.0681721408,-0.291308232,29524.267
238.084822,2.25998281,-0.0790217213,0.00963898597,0.25920352,29517.1503
238.046495,-1.11579687,-1.47253851,0.171770128,-0.130745524,29509.5828
238.096863,2.02797253,-1.23427678,0.141173882,0.230791501,29519.3875
238.010198,4.39902125,1.54168999,-0.0328729057,0.0973585542,29655.3848
238.050682,1.94904723,-3.3208307,0.321188313,0.187376693,29562.0686
238.096038,-0.318096953,0.755492336,-0.0907718163,-0.0379921222,29500.5069
238.044693,0.331632924,-1.79117652,0.209515252,0.0383202602,29509.2695
238.098981,2.74854056,3.43913465,-0.271313176,0.218259746,29595.4231
238.079366,-0.780536815,-0.356982375,0.0425886614,-0.0936459743,29500.4108
238.023478,1.33574926,-0.254301654,0.0305028815,0.15837083,29503.2309
238.023044,-2.41063544,2.61940521,-0.267469487,-0.244923159,29549.4595
238.088668,2.29069375,0.179380076,-0.0199432232,0.262163048,29517.7731
238.092712,2.55212549,-2.04009193,0.217048848,0.270192445,29541.2217
238.090703,-2.24594054,0.56715498,-0.0653924825,-0.256545858,29518.124
238.025566,-0.202295557,-1.45282828,0.171732127,-0.0242889252,29504.359
238.087227,1.4893187,4.00216047,-0.339656585,0.127550592,29585.1895
238.019779,1.31735385,-2.21631256,0.249661718,0.147634327,29521.8478
238.066765,-0.594878615,-3.99287089,0.368158866,-0.0558848409,29571.2116
238.01823,0.574633635,3.46410002,-0.355453772,0.0598653208,29547.7567
238.083269,1.21362687,-2.93287616,0.314160753,0.129126274,29538.1719
238.082605,1.34761821,-3.99747906,0.347455039,0.116003105,29581.803
238.032576,0.13452168,1.63557428,-0.192561027,0.0162562017,29506.629
238.08726,0.754606482,-2.1566333,0.247177848,0.0858713346,29517.548
238.005571,-2.44786938,-0.143474248,0.0156585373,-0.277788086,29518.8371
238.0257,-2.60721346,-0.362014338,0.0399012549,-0.292223083,29523.086
238.082461,2.39502098,-3.47044791,0.302170302,0.207232171,29581.6796
238.026276,-1.36017204,0.602266562,-0.0715254073,-0.160599974,29504.6489
238.039226,-1.03791601,1.39831336,-0.164144057,-0.121286327,29507.8724
238.079283,3.13599788,-0.0497223208,0.00613925479,0.336932261,29537.0657
238.077723,0.67166878,2.08070477,-0.239484247,0.0778917167,29515.4856
238.095419,2.53487711,3.5548154,-0.286631847,0.205750484,29592.3014
238.011881,-2.14914015,-2.69594639,0.278458929,-0.223095847,29545.2558
238.039564,3.72828778,0.249961611,-0.0237782213,0.368819375,29556.8446
238.056877,-1.46255325,3.63932578,-0.346519546,-0.138184487,29565.1831
238.07494,1.42329898,-2.74991394,0.297122649,0.152897704,29535.7736
238.085259,2.21775871,0.464451737,-0.0526935528,0.254422759,29517.2285
238.035399,1.4204205,-2.32682995,0.259593459,0.157657795,29525.4784
238.031602,3.59871213,0.59711951,-0.0590484606,0.361517232,29553.089
238.082563,-0.0593302204,-0.145699136,0.0176502139,-0.00723470848,29497.9094
238.027889,-0.681812615,-0.945560365,0.112509178,-0.0814922532,29501.5728
238.067253,-2.12102107,3.44082187,-0.317446331,-0.194477137,29571.5377
238.050925,3.23077836,2.09944933,-0.201818457,0.312361491,29562.1956
238.006584,-0.298398781,-4.51692519,0.321505106,-0.0223861899,29605.1806
238.004632,0.515762072,2.3881045,-0.270955842,0.0591526677,29518.6651
238.033104,-0.436938587,1.00736033,-0.120326143,-0.0518863416,29500.8818
238.092575,-0.96385892,4.2262008,-0.347754167,-0.0781832839,29590.0138
238.05115,2.59803156,2.8483586,-0.274127806,0.251356703,29562.304
238.014884,-1.27710254,2.19097289,-0.247614863,-0.14358723,29520.8247
238.092001,2.76582548,-1.72656779,0.183978402,0.293151039,29541.0218
238.029001,1.5133372,-0.410282777,0.048800973,0.178479457,29505.468
238.023758,-0.697005673,1.0966561,-0.130510745,-0.0825575343,29502.514
238.002861,3.40991039,-2.8623826,0.2194251,0.259644346,29597.2819
238.034246,3.58774047,-0.808782172,0.0817172612,0.358251458,29554.1917
238.081549,2.81644513,-3.12202072,0.273215155,0.245034946,29580.8793
238.045964,2.70908769,0.812033886,-0.0890660221,0.299638315,29528.1535
238.031348,0.766943959,3.56342711,-0.357806053,0.0779539734,29552.9818
238.062438,-0.412840143,4.66739609,-0.149852525,-0.0120645646,29648.7215
238.047219,2.64337459,-1.03907465,0.115395565,0.291588585,29528.5169
238.044541,-3.1379873,-3.48755866,0.154893975,-0.140964094,29637.1456
238.039969,3.4971152,-1.32850482,0.132174343,0.345256466,29557.0621
238.041644,-0.952420082,2.61880445,-0.290752522,-0.104988865,29526.9625
238.025172,-0.0947886373,-1.22191329,0.145459591,-0.0115964814,29501.9512
238.070954,-2.07066317,3.51597751,-0.320629081,-0.187625382,29573.613
238.025148,0.0268472303,-1.45393918,0.171981781,0.00280589408,29504.1578
238.023766,-0.189940278,1.39735142,-0.165507045,-0.0221353378,29503.633
238.045753,-0.352414299,0.931557138,-0.111530003,-0.0419213018,29500.6602
238.09846,-2.21648743,-0.891785656,0.100994737,-0.252644433,29519.7644
238.029092,-1.34976038,0.803335477,-0.0951360939,-0.159065925,29505.5008
238.031337,0.483087229,1.5471375,-0.182214757,0.0573273088,29506.2645
238.014049,-2.17258475,2.70538812,-0.279790305,-0.223558079,29546.0508
238.078029,3.60349514,2.98729135,-0.145700454,0.17761111,29633.2141
238.012054,-2.8941147,1.87701335,-0.194945382,-0.298970932,29545.3162
238.057282,-2.19892845,-1.94282298,0.212226259,-0.241325798,29530.9832
238.008414,-1.15597387,2.19256032,-0.248742914,-0.130431941,29519.3901
238.074103,4.56419735,0.67019388,-0.0412242841,0.288787905,29617.2442
238.076644,-2.89704566,-1.13663792,0.121716956,-0.312391881,29536.3232
238.030138,-0.841061972,3.53369788,-0.355997842,-0.0837845766,29552.5168
238.085796,-3.20549274,3.28847834,-0.216157792,-0.209076634,29614.3851
238.089783,2.19025525,-0.727674392,0.0837685401,0.250273871,29517.9618
238.06353,-0.365534907,-2.00553832,0.232262163,-0.0428596147,29512.7579
238.093973,-4.24824844,-0.936354874,0.0752412488,-0.346491665,29591.1399
238.085504,-4.20462602,1.84827353,-0.121996658,-0.274635256,29614.446
238.058117,-1.83236071,-2.30126136,0.251435957,-0.201157446,29531.2007
238.031455,1.63357986,2.13450854,-0.237950136,0.182965893,29524.5624
238.05549,0.306166274,-0.369090927,0.0445893023,0.0368275913,29497.8542
238.030616,1.04879676,-1.21960751,0.14404864,0.123334454,29506.0478
238.033058,-0.742451742,-1.47218192,0.173096509,-0.0877653858,29506.7272
238.094775,-2.98648398,1.37139011,-0.145897609,-0.31571703,29541.8079
238.000456,0.238367552,0.480341928,-0.0576852753,0.0287788901,29497.1276
238.047594,-1.84429165,-0.265331545,0.0305184592,-0.215456612,29509.7785
238.066939,0.0172611011,4.03872213,-0.372333383,0.00261549588,29571.3273
238.029873,-2.38286198,-2.73816665,0.275207536,-0.240714035,29552.422
238.038962,2.03053198,-1.87058229,0.208457282,0.225245776,29526.2907
238.02643,0.815301762,1.24949612,-0.147454317,0.0966673178,29504.6967
238.075369,0.534155159,3.05400876,-0.329299191,0.0583947231,29535.9097
238.090668,2.04674228,-1.08409717,0.124426222,0.233652328,29518.1177
238.026713,3.05766068,1.89583239,-0.191216012,0.310126516,29550.9559
238.005483,-2.91798097,-1.7116536,0.17794931,-0.305054195,29543.0916
238.070379,-0.299284433,0.17371707,-0.0210197963,-0.0360352491,29498.0926
238.028904,-1.36850597,-0.759219562,0.0892515307,-0.161697025,29505.4338
238.081929,1.9579402,1.07005381,-0.1224796,0.225290441,29516.4391
238.025314,-0.327922403,-1.42193018,0.16808233,-0.0391434568,29504.236
238.055841,-1.49597069,1.26105507,-0.147113134,-0.173745406,29511.4916
238.045012,-2.26881513,-1.67306755,0.184498713,-0.251399264,29527.8809
238.003141,-1.81413361,4.1646797,-0.291110673,-0.125554529,29606.6515
238.029321,0.184341572,3.61967793,-0.364896352,0.0195031166,29552.1916
238.050196,-0.384866918,1.85497624,-0.216520154,-0.0444310965,29510.2491
238.05359,1.85214592,-2.23329251,0.245697208,0.202806334,29530.0643
238.068434,0.11720458,-4.05262663,0.371911112,0.00972726115,29572.317
238.036456,-1.41522555,-4.36821838,0.0162084804,-0.00647121236,29667.7847
238.085058,-1.91729748,2.55111968,-0.273034499,-0.20418338,29538.6993
238.001593,1.2817848,4.24164841,-0.32822063,0.10035485,29595.469
238.037549,2.69162036,-0.549317745,0.0618029789,0.299339599,29525.9591
238.051003,-1.34177753,-3.61264964,0.348288746,-0.130399598,29562.2343
238.092347,2.33114616,0.048726101,-0.00497081842,0.266202607,29518.431
238.004924,2.43161281,-3.75969394,0.281715762,0.180852403,29599.8603
238.058073,-0.288481757,1.95934283,-0.227749611,-0.0330232962,29511.8571
238.026813,-0.453599654,1.43272069,-0.169399099,-0.0532309629,29504.812
238.004225,-2.25154041,0.938512252,-0.107127178,-0.255393195,29518.5926
238.02347,0.725888103,1.15238388,-0.136488663,0.0863835309,29503.2512
238.071804,1.7384131,-1.22008208,0.141319249,0.200414918,29514.4459
238.089193,-3.07711301,-0.990501509,0.104638567,-0.327749666,29540.0509
238.023418,-0.310660797,1.35990407,-0.161159506,-0.0364519319,29503.5119
238.035535,1.52197423,-0.727058854,0.0857905927,0.178592551,29507.169
238.094698,0.352424138,-3.26664622,0.345836011,0.036470621,29541.7857
238.037365,1.42114298,-0.958185113,0.112765494,0.166469402,29507.476
238.012844,-2.90773777,1.87074601,-0.194113877,-0.300092171,29545.5981
238.025586,0.20043634,0.17270118,-0.0206287164,0.024047924,29496.6891
238.098496,-0.527290664,-3.27752379,0.345252839,-0.0563987831,29542.9054
238.058344,0.288896704,-0.216418488,0.0261928453,0.0348091001,29497.8983
238.027084,0.5785309,1.3952432,-0.164687925,0.0687025958,29504.8911
238.056382,-1.33703831,1.43640778,-0.16742171,-0.155157248,29511.5832
238.030222,1.46954543,-0.637294341,0.075518374,0.173114803,29505.9348
238.057609,3.93192594,0.0313435971,-0.00197737934,0.373131446,29565.7052
238.000366,1.09404616,-4.5649837,0.17436551,0.0405693477,29642.3803
238.099933,1.09411676,-4.56528714,0.174859973,0.0406839453,29644.5571
238.053703,0.910409138,1.70561324,-0.198478182,0.106499092,29511.0015
238.069997,-4.02948632,-0.577276416,0.0516910185,-0.3680862,29573.1457
238.042936,1.77047431,0.300298468,-0.0346852433,0.207223662,29508.9113
238.094855,0.0211834502,-0.123916623,0.0151463743,0.00255381157,29498.1412
238.074087,-1.3553457,2.77528947,-0.3001003,-0.14568331,29535.5105
238.059113,-1.96848125,0.301853622,-0.0355546639,-0.228520363,29512.0147
238.038625,2.75143818,-0.183647729,0.0211185164,0.305884617,29526.2103
238.037788,-0.670966833,-1.58399818,0.185603492,-0.0790946515,29507.5574
238.010369,0.432589721,-0.465584061,0.0560159434,0.0518250803,29497.4186
238.06536,-1.54903535,1.35455847,-0.157201416,-0.178975288,29513.1155
238.062013,-1.31060271,-1.54032301,0.178249703,-0.152340663,29512.4836
238.042883,3.50743681,-1.38511948,0.136921569,0.344108988,29558.2851
238.02541,0.213375133,-1.44651133,0.171113305,0.0248651442,29504.2824
238.049259,-1.47101645,-1.17711234,0.137007773,-0.171982253,29510.0779
238.058277,-3.48853134,-3.13248711,0.1449159,-0.1631624,29635.3443
238.082711,0.211841542,0.511515576,-0.0614370348,0.0255973319,29499.0953
238.063364,1.13067264,4.48780032,-0.274586095,0.0703881848,29619.2549
238.084094,4.12604217,-0.962222012,0.0840062467,0.355485898,29583.0706
238.054367,0.909314749,-0.274307563,0.0330566801,0.108742995,29500.3574
238.065328,2.83161119,1.00867041,-0.109142596,0.308665176,29533.0837
238.086148,2.80911509,1.53695263,-0.163325246,0.300204509,29539.0372
238.091361,-2.04243605,-1.10563157,0.12579811,-0.233627078,29518.244
238.018194,-2.26546976,2.68241497,-0.275947581,-0.231888261,29547.7447
238.030323,-3.25254521,-1.62129122,0.162363269,-0.327785349,29552.5836
238.097248,-1.62735752,1.73350992,-0.197931799,-0.184980378,29519.4764
238.090954,-2.25275299,-0.549253597,0.0621929446,-0.257572174,29518.1693
238.029058,-0.256503888,0.301802713,-0.0365482802,-0.0309291838,29497.2521
238.000493,2.53566905,3.61355262,-0.282386362,0.199515541,29594.1955
238.040553,0.543617083,-0.876507479,0.104937448,0.0647740425,29500.7647
238.007396,2.19281933,-1.13507889,0.12924064,0.248310702,29519.1866
238.008841,2.21619992,-1.11876159,0.127309528,0.250792787,29519.4772
238.063096,-1.65063441,-1.18848902,0.137301041,-0.191575109,29512.6773
238.011937,2.71944909,-3.82827943,0.153812473,0.107806405,29640.6303
238.019997,0.974711473,-2.3889326,0.268954548,0.109028659,29521.8877
238.07519,1.13665203,-3.9669013,0.356227848,0.100981998,29576.2317
238.003039,-1.20177261,4.28978796,-0.327153845,-0.0904809408,29597.5784
238.080447,2.05109991,-0.838342445,0.0969587645,0.23572925,29516.0867
238.079616,2.3437749,4.00728232,-0.0610649903,0.0370768803,29661.4996
238.07806,-0.654141558,-2.09013561,0.240538741,-0.0758640112,29515.5562
238.083394,3.13914843,0.477530013,-0.0502979303,0.336005689,29538.2082
238.001398,3.09335848,1.26329472,-0.131845535,0.325078448,29541.4581
238.080364,3.00992596,0.917179553,-0.0976722496,0.32327224,29537.3572
238.080648,1.9163709,1.11655436,-0.127937595,0.220702114,29516.1333
238.070097,1.96638562,0.755634239,-0.0868061866,0.227388067,29514.1657
238.05075,-0.35989348,0.464296169,-0.0558823906,-0.0431264812,29498.4169
238.068334,1.5226156,-2.62538481,0.285576607,0.16473032,29533.8716
238.052582,1.55081096,-1.1339476,0.132579562,0.180490262,29510.7437
238.069696,0.830914839,2.93235449,-0.317897588,0.0908839905,29534.2445
238.089804,0.17669796,-0.639428412,0.0768827581,0.0210695391,29499.4731
238.089769,-4.00576959,1.5666747,-0.132159177,-0.334913548,29587.4032
238.062438,2.77808793,2.86443274,-0.267016485,0.260374481,29568.6619
238.009207,-0.200843854,2.47780696,-0.280717323,-0.0221211283,29519.5525
238.023463,0.776219576,1.12175585,-0.132830872,0.0923364176,29503.271
238.085731,-0.544513087,-0.0817324418,0.00968631671,-0.0654817892,29499.1506
238.078702,2.96469812,-1.00678331,0.108991523,0.318472374,29536.9133
238.028679,1.10434824,2.42125914,-0.270540904,0.124136915,29523.8259
238.059262,2.7715564,-3.7761749,0.119735255,0.0864106367,29649.2423
238.000998,-0.00611962066,-4.55243372,0.314112604,-0.00157287117,29607.6441
238.056834,-1.38856049,-1.39351362,0.161694895,-0.16182576,29511.6582
238.058865,-1.96292281,0.320156227,-0.0376841581,-0.227903567,29511.9776
238.096679,0.0570455998,2.37162455,-0.27027472,0.00710489438,29519.3452
238.05379,-2.10318934,4.18231386,-0.12824496,-0.0631659383,29649.9073
238.046978,1.43698803,1.17228603,-0.136578853,0.168163632,29509.6667
238.006943,0.10658969,-4.49690246,0.330284546,0.00669102766,29601.6418
238.067029,2.87957159,-0.918464429,0.100626859,0.312955531,29533.5241
238.049324,1.60153551,4.32465543,-0.0327792219,0.0133825185,29665.4096
238.077451,2.71111917,1.54291986,-0.16539921,0.292228267,29536.5806
238.087147,-0.293513327,2.26486872,-0.259473524,-0.0330401331,29517.5305
238.004583,-2.28693989,2.48052157,-0.259858252,-0.238413631,29542.7341
238.00518,-0.264420313,0.461059813,-0.0555087129,-0.0316781343,29497.1986
238.007119,-0.306798885,-2.44744621,0.277424618,-0.0354071497,29519.1323
238.023803,1.40996422,0.0641857421,-0.00724153416,0.166964084,29503.6441
238.03256,1.17428661,2.4296783,-0.270852081,0.131665583,29524.8585
238.048521,1.03488177,2.65858645,-0.292936812,0.114805417,29528.845
238.035251,1.42931116,-3.40084684,0.339539442,0.141686386,29554.6276
238.058706,1.21271708,1.57422673,-0.182548773,0.14126519,29511.9537
238.071749,-3.4534466,-3.09235531,0.0408497817,-0.0473781962,29662.5918
238.037749,1.70590859,-0.217065625,0.0258920908,0.200020496,29507.5497
238.095329,-4.34547879,0.413240339,-0.0345151204,-0.351249119,29592.2316
238.041234,-1.46852604,-2.36363893,0.261919046,-0.163560821,29526.8564
