fieldx,fieldy,fieldz,"field_array{nx=101,ny=11,nz=1,symmetry='cylindrical',mirror='y',dx_mm=1,dy_mm=1,dz_mm=1,potential_type='magnetic',rt=0,el=0,az=0,scale=2,x=-100,y=0,z=0}"
0.086016201745969, 0, 0
0.093715914203334, 0, 0
0.10242196247814, 0, 0
0.11231183936782, 0, 0
0.1236031036595, 0, 0
0.13656452391614, 0, 0
0.15153093275239, 0, 0
0.16892323619439, 0, 0
0.1892756664424, 0, 0
0.21327333107643, 0, 0
0.24180457141105, 0, 0
0.27603486872834, 0, 0
0.31751244829313, 0, 0
0.36832095490437, 0, 0
0.43130248779322, 0, 0
0.51038591129575, 0, 0
0.6110712160958, 0, 0
0.74113836844107, 0, 0
0.91165559145658, 0, 0
1.1383127643375, 0, 0
1.4428739406199, 0, 0
1.8538354992963, 0, 0
2.4037549231523, 0, 0
3.1184619159763, 0, 0
3.9945518052017, 0, 0
4.9753446397037, 0, 0
5.9560789132524, 0, 0
6.8319926629107, 0, 0
7.5464045600124, 0, 0
8.0959076111521, 0, 0
8.5063282178517, 0, 0
8.8102195243354, 0, 0
9.0360724615777, 0, 0
9.2056444320648, 0, 0
9.3346173441547, 0, 0
9.4340499868645, 0, 0
9.5117112543631, 0, 0
9.5730882157183, 0, 0
9.622094708589, 0, 0
9.6615553920802, 0, 0
9.6935336849643, 0, 0
9.7195543499311, 0, 0
9.7407556223935, 0, 0
9.7579941488706, 0, 0
9.7719180795469, 0, 0
9.7830184273752, 0, 0
9.7916653838311, 0, 0
9.798134040606, 0, 0
9.8026224869581, 0, 0
9.8052642607353, 0, 0
9.8061364504413, 0, 0
9.8052642607353, 0, 0
9.8026224869581, 0, 0
9.798134040606, 0, 0
9.7916653838311, 0, 0
9.7830184273752, 0, 0
9.7719180795469, 0, 0
9.7579941488706, 0, 0
9.7407556223935, 0, 0
9.7195543499311, 0, 0
9.6935336849643, 0, 0
9.6615553920802, 0, 0
9.622094708589, 0, 0
9.5730882157183, 0, 0
9.5117112543631, 0, 0
9.4340499868645, 0, 0
9.3346173441547, 0, 0
9.2056444320648, 0, 0
9.0360724615777, 0, 0
8.8102195243354, 0, 0
8.5063282178517, 0, 0
8.0959076111521, 0, 0
7.5464045600124, 0, 0
6.8319926629107, 0, 0
5.9560789132524, 0, 0
4.9753446397037, 0, 0
3.9945518052017, 0, 0
3.1184619159763, 0, 0
2.4037549231523, 0, 0
1.8538354992963, 0, 0
1.4428739406199, 0, 0
1.1383127643375, 0, 0
0.91165559145658, 0, 0
0.74113836844107, 0, 0
0.6110712160958, 0, 0
0.51038591129575, 0, 0
0.43130248779322, 0, 0
0.36832095490437, 0, 0
0.31751244829312, 0, 0
0.27603486872834, 0, 0
0.24180457141105, 0, 0
0.21327333107643, 0, 0
0.1892756664424, 0, 0
0.16892323619439, 0, 0
0.15153093275239, 0, 0
0.13656452391614, 0, 0
0.1236031036595, 0, 0
0.11231183936782, 0, 0
0.10242196247814, 0, 0
0.093715914203334, 0, 0
0.086016201745969, 0, 0
0.085801994441536, -0.0036154981427737, 0
0.093465471793654, -0.004078116767527, 0
0.1021274506511, -0.004620510398123, 0
0.11196333838524, -0.0052602678625088, 0
0.12318794390068, -0.0060197529526965, 0
0.13606637367781, -0.006927655772149, 0
0.15092853232159, -0.0080211335863072, 0
0.16818862119205, -0.009348797911877, 0
0.18837164540043, -0.010974930129625, 0
0.21214986193524, -0.012985500705098, 0
0.24039349531955, -0.015496865134129, 0
0.27424217089012, -0.018668471854119, 0
0.31520677214858, -0.022721631674017, 0
0.36531643125283, -0.027967486416385, 0
0.42733300164549, -0.034848911382181, 0
0.50506678978246, -0.044003228546069, 0
0.6038435601975, -0.05635482883805, 0
0.73119303259909, -0.073246852618773, 0
0.89784508129061, -0.096611276408105, 0
1.1190987224469, -0.12913439478678, 0
1.4164680639816, -0.17424178643023, 0
1.8189317161681, -0.23538907001298, 0
2.3615334730734, -0.31353051153997, 0
3.0759947487249, -0.40144008069271, 0
3.9662827081189, -0.47703605422784, 0
4.9753592588858, -0.5078950670853, 0
5.984377362607, -0.47697751232701, 0
6.8744895260039, -0.40132254049348, 0
7.5886562847587, -0.31335305283637, 0
8.130842492523, -0.23515029376438, 0
8.5327662747179, -0.1739397917016, 0
8.8294671050629, -0.12876674700675, 0
9.0499181691067, -0.096174966037281, 0
9.2156269527738, -0.072738243022553, 0
9.3418845371103, -0.055769591806147, 0
9.4394114057824, -0.043336265477316, 0
9.5157262590547, -0.034094257635859, 0
9.5761420034043, -0.027118195691443, 0
9.6244539953019, -0.021769636477983, 0
9.6634067406666, -0.017604415115317, 0
9.6950092576452, -0.014309896729304, 0
9.7207491030289, -0.011663031033282, 0
9.7417388216412, -0.0095023307458011, 0
9.7588171452757, -0.0077090364831013, 0
9.7726196215865, -0.0061943268331046, 0
9.7836283425173, -0.0048905193127399, 0
9.7922071746477, -0.0037449206653355, 0
9.7986267556964, -0.0027154449459416, 0
9.8030821083645, -0.001767412928605, 0
9.8057047739363, -0.00087113506461785, 0
9.8065707154301, 3.3745792618611e-017, 0
9.8057047739363, 0.00087113506461777, 0
9.8030821083645, 0.0017674129286049, 0
9.7986267556964, 0.0027154449459415, 0
9.7922071746477, 0.0037449206653355, 0
9.7836283425173, 0.0048905193127399, 0
9.7726196215865, 0.0061943268331045, 0
9.7588171452757, 0.0077090364831013, 0
9.7417388216412, 0.0095023307458011, 0
9.7207491030289, 0.011663031033282, 0
9.6950092576452, 0.014309896729304, 0
9.6634067406666, 0.017604415115318, 0
9.6244539953019, 0.021769636477983, 0
9.5761420034043, 0.027118195691443, 0
9.5157262590547, 0.034094257635859, 0
9.4394114057824, 0.043336265477316, 0
9.3418845371103, 0.055769591806147, 0
9.2156269527738, 0.072738243022553, 0
9.0499181691067, 0.096174966037281, 0
8.8294671050629, 0.12876674700675, 0
8.5327662747179, 0.1739397917016, 0
8.130842492523, 0.23515029376438, 0
7.5886562847587, 0.31335305283637, 0
6.8744895260039, 0.40132254049348, 0
5.984377362607, 0.47697751232701, 0
4.9753592588858, 0.5078950670853, 0
3.9662827081189, 0.47703605422784, 0
3.0759947487249, 0.40144008069271, 0
2.3615334730734, 0.31353051153997, 0
1.8189317161681, 0.23538907001298, 0
1.4164680639816, 0.17424178643023, 0
1.1190987224469, 0.12913439478678, 0
0.89784508129061, 0.096611276408105, 0
0.73119303259909, 0.073246852618773, 0
0.6038435601975, 0.05635482883805, 0
0.50506678978246, 0.044003228546069, 0
0.42733300164549, 0.034848911382181, 0
0.36531643125283, 0.027967486416385, 0
0.31520677214858, 0.022721631674017, 0
0.27424217089012, 0.018668471854119, 0
0.24039349531955, 0.015496865134129, 0
0.21214986193524, 0.012985500705098, 0
0.18837164540043, 0.010974930129625, 0
0.16818862119205, 0.009348797911877, 0
0.15092853232159, 0.0080211335863072, 0
0.13606637367781, 0.006927655772149, 0
0.12318794390068, 0.0060197529526965, 0
0.11196333838524, 0.0052602678625088, 0
0.1021274506511, 0.004620510398123, 0
0.093465471793654, 0.004078116767527, 0
0.085801994441536, 0.0036154981427737, 0
0.085164008084643, -0.0071819729978513, 0
0.092719962662812, -0.0080968511442264, 0
0.101251276746, -0.0091685863863066, 0
0.11092723038026, -0.010431518877948, 0
0.12195456471137, -0.011929233921069, 0
0.13458765933431, -0.013717537314889, 0
0.14914200880477, -0.015868549713873, 0
0.16601224583907, -0.01847640222022, 0
0.1856964984412, -0.021665249023193, 0
0.20882967023971, -0.025600670897944, 0
0.23622943821803, -0.030506096420113, 0
0.26896059225557, -0.036686726971689, 0
0.30842614220127, -0.044564786966604, 0
0.35649795912317, -0.054731985923963, 0
0.4157064682865, -0.068028205226975, 0
0.4895194293303, -0.08565992356688, 0
0.5827561922339, -0.10937763162813, 0
0.7022087311954, -0.14173630123021, 0
0.85757689024028, -0.18645785843548, 0
1.0628704458263, -0.24886934398705, 0
1.3384566331686, -0.3362138672524, 0
1.7137929146654, -0.45707548929272, 0
2.2299418400588, -0.61768403869616, 0
2.9368681779675, -0.81017834567987, 0
3.8686337122211, -0.98959328371729, 0
4.975402993329, -1.0675999638541, 0
6.0821141677341, -0.98947654129167, 0
7.0137049325241, -0.80994395356619, 0
7.7203384829242, -0.61733016770032, 0
8.2360743197034, -0.45659935854771, 0
8.6108739635663, -0.33561169858199, 0
8.8857956981575, -0.24813629909765, 0
9.0902916305187, -0.18558795715041, 0
9.2447224604023, -0.14072231839489, 0
9.3630901354332, -0.10821096962353, 0
9.4550852383683, -0.084330456538107, 0
9.5274888805582, -0.066524090120165, 0
9.5851077429606, -0.053039434172616, 0
9.6313948632415, -0.042667789105468, 0
9.6688635943472, -0.034566720487754, 0
9.6993660260873, -0.028141564651076, 0
9.7242822450045, -0.022966657591743, 0
9.7446504511784, -0.018732769053863, 0
9.7612574281743, -0.015211723612167, 0
9.7747021055608, -0.012232315145214, 0
9.785440604807, -0.0096636840825927, 0
9.7938183479319, -0.0074036591693035, 0
9.8000929645855, -0.0053704206172894, 0
9.8044505103355, -0.0034963889174778, 0
9.8070166826168, -0.0017235937468887, 0
9.8078641480756, -9.1506663357777e-017, 0
9.8070166826168, 0.0017235937468887, 0
9.8044505103355, 0.0034963889174779, 0
9.8000929645855, 0.0053704206172897, 0
9.7938183479319, 0.0074036591693037, 0
9.785440604807, 0.0096636840825929, 0
9.7747021055608, 0.012232315145215, 0
9.7612574281743, 0.015211723612167, 0
9.7446504511784, 0.018732769053863, 0
9.7242822450045, 0.022966657591743, 0
9.6993660260873, 0.028141564651076, 0
9.6688635943472, 0.034566720487754, 0
9.6313948632416, 0.042667789105468, 0
9.5851077429606, 0.053039434172616, 0
9.5274888805582, 0.066524090120165, 0
9.4550852383683, 0.084330456538107, 0
9.3630901354332, 0.10821096962353, 0
9.2447224604023, 0.14072231839489, 0
9.0902916305187, 0.18558795715041, 0
8.8857956981575, 0.24813629909765, 0
8.6108739635663, 0.33561169858199, 0
8.2360743197034, 0.45659935854771, 0
7.7203384829242, 0.61733016770032, 0
7.0137049325241, 0.80994395356619, 0
6.0821141677341, 0.98947654129167, 0
4.975402993329, 1.0675999638541, 0
3.8686337122211, 0.98959328371729, 0
2.9368681779675, 0.81017834567987, 0
2.2299418400588, 0.61768403869616, 0
1.7137929146654, 0.45707548929272, 0
1.3384566331686, 0.3362138672524, 0
1.0628704458263, 0.24886934398705, 0
0.85757689024029, 0.18645785843548, 0
0.7022087311954, 0.14173630123021, 0
0.5827561922339, 0.10937763162813, 0
0.4895194293303, 0.08565992356688, 0
0.4157064682865, 0.068028205226975, 0
0.35649795912317, 0.054731985923963, 0
0.30842614220127, 0.044564786966604, 0
0.26896059225557, 0.036686726971689, 0
0.23622943821803, 0.030506096420113, 0
0.20882967023971, 0.025600670897944, 0
0.1856964984412, 0.021665249023193, 0
0.16601224583907, 0.01847640222022, 0
0.14914200880477, 0.015868549713873, 0
0.13458765933431, 0.013717537314889, 0
0.12195456471137, 0.011929233921069, 0
0.11092723038026, 0.010431518877948, 0
0.101251276746, 0.0091685863863066, 0
0.092719962662812, 0.0080968511442264, 0
0.085164008084643, 0.0071819729978513, 0
0.084115928952246, -0.010652107183314, 0
0.091496545183056, -0.011999035248068, 0
0.099815124274308, -0.013574694115647, 0
0.10923115063316, -0.015428571415585, 0
0.11993850557249, -0.017623292804772, 0
0.13217452505433, -0.020238782881002, 0
0.1462318876442, -0.023377963535747, 0
0.16247435893629, -0.027174640144439, 0
0.18135784413282, -0.031804535862639, 0
0.20345881591877, -0.037500905302224, 0
0.22951311951188, -0.044576890013586, 0
0.26046952250171, -0.053457905576119, 0
0.29756449276676, -0.064729122740423, 0
0.3424279403238, -0.07920588369478, 0
0.39723480689684, -0.098039253522793, 0
0.46492574972284, -0.12287566993088, 0
0.54953427806017, -0.15609985459669, 0
0.65668278554983, -0.20120452166552, 0
0.7943576242858, -0.263347196656, 0
0.97417139262438, -0.35016104804795, 0
1.2135367442695, -0.47282811807607, 0
1.5396656892308, -0.64707640914656, 0
1.9972863845426, -0.89220122970394, 0
2.6622577504201, -1.2196833426177, 0
3.6465623638853, -1.581945548564, 0
4.9754757239883, -1.7678760982174, 0
6.3043315400601, -1.5817712837762, 0
7.2884630811248, -1.2193334658538, 0
7.9531445183412, -0.89167302495999, 0
8.4103561921585, -0.6463657477578, 0
8.7359538417466, -0.47192939145368, 0
8.9746614471675, -0.34906707513188, 0
9.1536857770003, -0.26204910347753, 0
9.2904330915368, -0.19969158956015, 0
9.3965083347276, -0.15435933260311, 0
9.4798888095782, -0.1208925457064, 0
9.5461863035679, -0.095795975636825, 0
9.5994219665904, -0.076682026350937, 0
9.6425221071435, -0.06190098172106, 0
9.6776450447569, -0.050298011366436, 0
9.7064014519636, -0.041053420468224, 0
9.7300055319353, -0.033576975629721, 0
9.7493802627662, -0.027437337806342, 0
9.7652315725602, -0.022314394606305, 0
9.7781011562512, -0.017966640942698, 0
9.78840438563, -0.014208532538891, 0
9.7964576393542, -0.010894505227913, 0
9.8024980020796, -0.0079074746373873, 0
9.8066973313078, -0.0051503541425095, 0
9.8091720539332, -0.0025395890933398, 0
9.8099896005349, -2.8362728832221e-016, 0
9.8091720539332, 0.0025395890933392, 0
9.8066973313078, 0.0051503541425093, 0
9.8024980020796, 0.0079074746373867, 0
9.7964576393542, 0.010894505227912, 0
9.78840438563, 0.014208532538891, 0
9.7781011562512, 0.017966640942698, 0
9.7652315725602, 0.022314394606305, 0
9.7493802627662, 0.027437337806342, 0
9.7300055319353, 0.033576975629721, 0
9.7064014519636, 0.041053420468223, 0
9.6776450447569, 0.050298011366436, 0
9.6425221071435, 0.061900981721059, 0
9.5994219665904, 0.076682026350936, 0
9.5461863035679, 0.095795975636825, 0
9.4798888095782, 0.1208925457064, 0
9.3965083347276, 0.15435933260311, 0
9.2904330915368, 0.19969158956015, 0
9.1536857770003, 0.26204910347753, 0
8.9746614471675, 0.34906707513188, 0
8.7359538417466, 0.47192939145368, 0
8.4103561921586, 0.6463657477578, 0
7.9531445183412, 0.89167302495999, 0
7.2884630811248, 1.2193334658538, 0
6.3043315400601, 1.5817712837762, 0
4.9754757239883, 1.7678760982174, 0
3.6465623638853, 1.581945548564, 0
2.6622577504201, 1.2196833426177, 0
1.9972863845426, 0.89220122970394, 0
1.5396656892308, 0.64707640914656, 0
1.2135367442695, 0.47282811807607, 0
0.97417139262438, 0.35016104804795, 0
0.7943576242858, 0.263347196656, 0
0.65668278554983, 0.20120452166552, 0
0.54953427806017, 0.15609985459669, 0
0.46492574972284, 0.12287566993088, 0
0.39723480689684, 0.098039253522793, 0
0.3424279403238, 0.07920588369478, 0
0.29756449276676, 0.064729122740423, 0
0.26046952250171, 0.053457905576119, 0
0.22951311951188, 0.044576890013586, 0
0.20345881591877, 0.037500905302224, 0
0.18135784413282, 0.031804535862639, 0
0.16247435893629, 0.027174640144439, 0
0.1462318876442, 0.023377963535747, 0
0.13217452505433, 0.020238782881002, 0
0.11993850557249, 0.017623292804772, 0
0.10923115063316, 0.015428571415585, 0
0.099815124274308, 0.013574694115647, 0
0.091496545183056, 0.011999035248068, 0
0.084115928952246, 0.010652107183314, 0
0.082679850668984, -0.013981885250281, 0
0.089822855674823, -0.01573177802357, 0
0.097853831770659, -0.017774887905793, 0
0.10691937973856, -0.020173613137117, 0
0.11719654213046, -0.023006592756528, 0
0.12890044662535, -0.026373733504394, 0
0.14229419785144, -0.030403046028932, 0
0.15770178196687, -0.035260036469096, 0
0.17552502554693, -0.041160741338712, 0
0.19626606570537, -0.048390017257604, 0
0.22055737122254, -0.057327494776339, 0
0.24920220475994, -0.06848484156755, 0
0.28322966950587, -0.082559915976761, 0
0.32397037353235, -0.10051646168207, 0
0.37316169134894, -0.12370292989555, 0
0.43309642764808, -0.1540320816879, 0
0.50683716970617, -0.19425648391311, 0
0.59853496430343, -0.24839813510069, 0
0.71392604580329, -0.32243184969658, 0
0.86116456520988, -0.42540043316464, 0
1.0523750573338, -0.57129845879589, 0
1.3069878904992, -0.78239894587069, 0
1.6602646546642, -1.0953498605823, 0
2.1899620256037, -1.5711862871966, 0
3.1168407231248, -2.2834696120237, 0
4.975557249787, -2.8773091361487, 0
6.8342170106765, -2.2832388307531, 0
7.760924982982, -1.5707229536396, 0
8.2903363789356, -1.0946504045574, 0
8.6432097455079, -0.78145794097367, 0
8.8972986690826, -0.5701085348916, 0
9.0878606847577, -0.42395215603234, 0
9.2343210754441, -0.32071356448375, 0
9.3487981769616, -0.24639576914977, 0
9.4394387244823, -0.19195330324328, 0
9.5119701932667, -0.15140839387943, 0
9.5705333744398, -0.12073572425884, 0
9.6181789183384, -0.097178975298874, 0
9.6571857895212, -0.07882111134901, 0
9.6892753529559, -0.064308778034539, 0
9.7157597183779, -0.052672571343919, 0
9.737646618215, -0.043208058735307, 0
9.7557146102236, -0.035395892316186, 0
9.7705675669253, -0.028847418163657, 0
9.7826744631818, -0.023267118700489, 0
9.7923985774491, -0.018426291007089, 0
9.8000189613801, -0.014144294566682, 0
9.8057461722133, -0.010274931050517, 0
9.8097336665032, -0.0066963070049516, 0
9.8120858211445, -0.0033030409232344, 0
9.8128632474775, 3.0856393828937e-016, 0
9.8120858211445, 0.0033030409232344, 0
9.8097336665032, 0.0066963070049515, 0
9.8057461722133, 0.010274931050518, 0
9.8000189613801, 0.014144294566682, 0
9.7923985774491, 0.018426291007088, 0
9.7826744631818, 0.023267118700489, 0
9.7705675669253, 0.028847418163657, 0
9.7557146102236, 0.035395892316186, 0
9.737646618215, 0.043208058735308, 0
9.7157597183779, 0.052672571343919, 0
9.689275352956, 0.064308778034539, 0
9.6571857895212, 0.07882111134901, 0
9.6181789183385, 0.097178975298875, 0
9.5705333744398, 0.12073572425884, 0
9.5119701932667, 0.15140839387943, 0
9.4394387244823, 0.19195330324328, 0
9.3487981769616, 0.24639576914977, 0
9.2343210754442, 0.32071356448375, 0
9.0878606847577, 0.42395215603234, 0
8.8972986690826, 0.5701085348916, 0
8.6432097455079, 0.78145794097367, 0
8.2903363789356, 1.0946504045574, 0
7.760924982982, 1.5707229536396, 0
6.8342170106765, 2.2832388307531, 0
4.975557249787, 2.8773091361487, 0
3.1168407231248, 2.2834696120237, 0
2.1899620256037, 1.5711862871966, 0
1.6602646546642, 1.0953498605823, 0
1.3069878904992, 0.78239894587069, 0
1.0523750573338, 0.57129845879589, 0
0.86116456520988, 0.42540043316464, 0
0.71392604580329, 0.32243184969658, 0
0.59853496430343, 0.24839813510069, 0
0.50683716970617, 0.19425648391311, 0
0.43309642764808, 0.1540320816879, 0
0.37316169134894, 0.12370292989555, 0
0.32397037353235, 0.10051646168207, 0
0.28322966950587, 0.082559915976761, 0
0.24920220475994, 0.06848484156755, 0
0.22055737122254, 0.057327494776339, 0
0.19626606570537, 0.048390017257604, 0
0.17552502554693, 0.041160741338712, 0
0.15770178196687, 0.035260036469096, 0
0.14229419785144, 0.030403046028932, 0
0.12890044662535, 0.026373733504394, 0
0.11719654213046, 0.023006592756528, 0
0.10691937973856, 0.020173613137117, 0
0.097853831770659, 0.017774887905793, 0
0.089822855674823, 0.01573177802357, 0
0.082679850668984, 0.013981885250281, 0
0.080885259149924, -0.017131980953703, 0
0.08773565280671, -0.019248239337677, 0
0.095413565734796, -0.021713095998633, 0
0.10405035725994, -0.024599169024705, 0
0.11380326792054, -0.027997495597171, 0
0.12486147820797, -0.032023061872386, 0
0.13745378942013, -0.036822254846296, 0
0.15185840641846, -0.042582996537449, 0
0.16841544998963, -0.049548657670425, 0
0.1875430207052, -0.05803735123767, 0
0.20975788657722, -0.06846896585262, 0
0.23570218529714, -0.081403459958058, 0
0.26617792897362, -0.097595739005681, 0
0.30219158246134, -0.11807528057521, 0
0.3450115604507, -0.14426326056499, 0
0.39624216922623, -0.1781475615605, 0
0.45791839029301, -0.22254925405377, 0
0.53262730262923, -0.28153833780511, 0
0.62366499762293, -0.36110431478364, 0
0.7352459644659, -0.47029102467424, 0
0.87280496853158, -0.62325877736686, 0
1.0434985062568, -0.8434489643592, 0
1.2572194760968, -1.1734155592194, 0
1.5291787732781, -1.704257334422, 0
1.8888176618415, -2.7093060805228, 0
2.4480428329671, -6.9127248595907, 0
3.0072122229408, -2.7090201030319, 0
3.3666833556738, -1.7036832054929, 0
3.6383616789998, -1.1725488968445, 0
3.8516863638187, -0.84228310934125, 0
4.0218653305239, -0.62178468733395, 0
4.1587875752625, -0.46849712838559, 0
4.269604703842, -0.35897632274653, 0
4.3597455251892, -0.27905900393069, 0
4.433417410024, -0.21969808156562, 0
4.4939080517008, -0.17490044456227, 0
4.543794709462, -0.14059205048326, 0
4.5851009525573, -0.11394726400843, 0
4.6194178779551, -0.092973010183771, 0
4.6479986494664, -0.076242166862085, 0
4.6718321473211, -0.062718403814062, 0
4.691700115834, -0.051638871207164, 0
4.7082213231974, -0.042434347887276, 0
4.7218855637886, -0.034674085468725, 0
4.7330797556141, -0.028027169225942, 0
4.7421078976478, -0.022235055411129, 0
4.7492062486923, -0.0170917400281, 0
4.7545547631995, -0.012429167641333, 0
4.7582855591491, -0.0081062380273951, 0
4.7604889860144, -0.0040002575972899, 0
4.7612176961935, 7.7108458507169e-016, 0
4.7604889860144, 0.0040002575972916, 0
4.7582855591491, 0.0081062380273968, 0
4.7545547631995, 0.012429167641335, 0
4.7492062486923, 0.017091740028101, 0
4.7421078976478, 0.022235055411131, 0
4.7330797556141, 0.028027169225943, 0
4.7218855637886, 0.034674085468726, 0
4.7082213231974, 0.042434347887277, 0
4.691700115834, 0.051638871207165, 0
4.6718321473211, 0.062718403814063, 0
4.6479986494664, 0.076242166862086, 0
4.6194178779551, 0.092973010183772, 0
4.5851009525573, 0.11394726400844, 0
4.543794709462, 0.14059205048326, 0
4.4939080517008, 0.17490044456227, 0
4.433417410024, 0.21969808156562, 0
4.3597455251892, 0.27905900393069, 0
4.269604703842, 0.35897632274653, 0
4.1587875752625, 0.46849712838559, 0
4.0218653305239, 0.62178468733395, 0
3.8516863638187, 0.84228310934125, 0
3.6383616789998, 1.1725488968445, 0
3.3666833556738, 1.7036832054929, 0
3.0072122229408, 2.7090201030319, 0
2.4480428329671, 6.9127248595907, 0
1.8888176618415, 2.7093060805228, 0
1.5291787732781, 1.704257334422, 0
1.2572194760968, 1.1734155592194, 0
1.0434985062568, 0.8434489643592, 0
0.87280496853158, 0.62325877736686, 0
0.7352459644659, 0.47029102467424, 0
0.62366499762293, 0.36110431478364, 0
0.53262730262923, 0.28153833780511, 0
0.45791839029301, 0.22254925405377, 0
0.39624216922623, 0.1781475615605, 0
0.3450115604507, 0.14426326056499, 0
0.30219158246134, 0.11807528057521, 0
0.26617792897362, 0.097595739005681, 0
0.23570218529714, 0.081403459958058, 0
0.20975788657722, 0.06846896585262, 0
0.1875430207052, 0.05803735123767, 0
0.16841544998963, 0.049548657670425, 0
0.15185840641846, 0.042582996537449, 0
0.13745378942013, 0.036822254846296, 0
0.12486147820797, 0.032023061872386, 0
0.11380326792054, 0.027997495597171, 0
0.10405035725994, 0.024599169024705, 0
0.095413565734796, 0.021713095998633, 0
0.08773565280671, 0.019248239337677, 0
0.080885259149924, 0.017131980953703, 0
0.078767724943294, -0.020068857466243, 0
0.085279081249317, -0.02250901005225, 0
0.092549493600176, -0.025342859857825, 0
0.10069353300891, -0.028650303533023, 0
0.10984679280252, -0.032530862821388, 0
0.12017032322824, -0.037109352231112, 0
0.13185607342097, -0.042543427645866, 0
0.14513355903775, -0.049033720008076, 0
0.16027800047603, -0.056837551133178, 0
0.17762018524933, -0.066287655672048, 0
0.19755827375621, -0.077817961573503, 0
0.22057164200454, -0.091999416208972, 0
0.24723654557921, -0.10959025419151, 0
0.27824271986829, -0.13160726089462, 0
0.314408659945, -0.15942796184111, 0
0.35669056457563, -0.19493910286105, 0
0.40617434326213, -0.24075587592816, 0
0.46402843121085, -0.30055232554832, 0
0.53136945705242, -0.37957321646459, 0
0.6089312885262, -0.48545721296159, 0
0.69626394927024, -0.629627610766, 0
0.7896898962499, -0.82978306519674, 0
0.87646945308128, -1.1145578915738, 0
0.91506434780209, -1.5312631958407, 0
0.75538395651672, -2.1355139305647, 0
-0.024280803986604, -2.6299707567309, 0
-0.80400016616152, -2.1351743742127, 0
-0.96384475650487, -1.5305815314919, 0
-0.92552484610104, -1.1135289765249, 0
-0.83913305791455, -0.82839908583588, 0
-0.74621050358037, -0.62787796020424, 0
-0.65950058191887, -0.48332832291941, 0
-0.58268549710791, -0.37704833891765, 0
-0.51622089647227, -0.29761125818538, 0
-0.45937968113038, -0.23737462377929, 0
-0.41105319650691, -0.1910894664384, 0
-0.37008231599877, -0.1550770397009, 0
-0.33539192813931, -0.12671685155747, 0
-0.30603830633325, -0.1041161386923, 0
-0.28121732159621, -0.085890497988539, 0
-0.26025575985533, -0.071015234712763, 0
-0.24259635281124, -0.058722965263817, 0
-0.22778154760405, -0.048432100442338, 0
-0.21543828383335, -0.039696267391861, 0
-0.20526467764336, -0.032168101202689, 0
-0.19701884677342, -0.025572990756059, 0
-0.19050980552651, -0.019689766435235, 0
-0.18559023834504, -0.014336244369906, 0
-0.18215093311909, -0.0093581597781589, 0
-0.18011667248429, -0.0046204348204599, 0
-0.17944341887011, -1.6740081543176e-016, 0
-0.18011667248429, 0.0046204348204598, 0
-0.18215093311909, 0.009358159778159, 0
-0.18559023834504, 0.014336244369906, 0
-0.19050980552651, 0.019689766435234, 0
-0.19701884677342, 0.025572990756059, 0
-0.20526467764336, 0.032168101202689, 0
-0.21543828383335, 0.039696267391861, 0
-0.22778154760405, 0.048432100442337, 0
-0.24259635281124, 0.058722965263816, 0
-0.26025575985533, 0.071015234712763, 0
-0.28121732159622, 0.085890497988539, 0
-0.30603830633325, 0.10411613869229, 0
-0.33539192813931, 0.12671685155747, 0
-0.37008231599877, 0.1550770397009, 0
-0.41105319650691, 0.1910894664384, 0
-0.45937968113038, 0.23737462377929, 0
-0.51622089647226, 0.29761125818538, 0
-0.58268549710791, 0.37704833891765, 0
-0.65950058191887, 0.48332832291941, 0
-0.74621050358037, 0.62787796020424, 0
-0.83913305791455, 0.82839908583588, 0
-0.92552484610104, 1.1135289765249, 0
-0.96384475650487, 1.5305815314919, 0
-0.80400016616152, 2.1351743742127, 0
-0.024280803986603, 2.6299707567309, 0
0.75538395651672, 2.1355139305647, 0
0.91506434780209, 1.5312631958407, 0
0.87646945308128, 1.1145578915738, 0
0.7896898962499, 0.82978306519674, 0
0.69626394927024, 0.629627610766, 0
0.6089312885262, 0.48545721296159, 0
0.53136945705242, 0.37957321646459, 0
0.46402843121085, 0.30055232554832, 0
0.40617434326213, 0.24075587592816, 0
0.35669056457563, 0.19493910286105, 0
0.314408659945, 0.15942796184111, 0
0.27824271986829, 0.13160726089462, 0
0.24723654557921, 0.10959025419151, 0
0.22057164200454, 0.091999416208972, 0
0.19755827375621, 0.077817961573502, 0
0.17762018524933, 0.066287655672048, 0
0.16027800047603, 0.056837551133178, 0
0.14513355903775, 0.049033720008076, 0
0.13185607342097, 0.042543427645866, 0
0.12017032322824, 0.037109352231112, 0
0.10984679280252, 0.032530862821388, 0
0.10069353300891, 0.028650303533023, 0
0.092549493600176, 0.025342859857825, 0
0.085279081249317, 0.02250901005225, 0
0.078767724943294, 0.020068857466243, 0
0.076367399199417, -0.022765528962705, 0
0.082502688022756, -0.025483030292657, 0
0.089323148529199, -0.028628439139103, 0
0.096925839033984, -0.032285944487784, 0
0.1054239773259, -0.036559628548469, 0
0.11494983026638, -0.041578941739202, 0
0.12565806008043, -0.047505888742148, 0
0.13772952918841, -0.054544519307385, 0
0.15137549952272, -0.062953541236626, 0
0.16684203579751, -0.073063186280527, 0
0.18441418887113, -0.085297899595457, 0
0.20441911376068, -0.10020704229097, 0
0.22722652204217, -0.11850666790314, 0
0.25324351709025, -0.14113665874595, 0
0.28289842227112, -0.16933922168786, 0
0.31660373972369, -0.20476710508514, 0
0.35467996057966, -0.24963302847353, 0
0.39720553156381, -0.30691549351535, 0
0.44372477747798, -0.38063860939618, 0
0.49267353904207, -0.47623678273319, 0
0.54021941039775, -0.60096562964938, 0
0.57783528905721, -0.76408882520655, 0
0.58710843975298, -0.9755631679662, 0
0.52946233976152, -1.2377300194761, 0
0.33709025268098, -1.5110167048807, 0
-0.024114042457024, -1.64660664264, 0
-0.38537157845803, -1.5106254632851, 0
-0.57790376138084, -1.2369446359696, 0
-0.6358179371653, -0.97437779794908, 0
-0.62692273465504, -0.76249459074216, 0
-0.58979736313374, -0.59895048306304, 0
-0.54285807669613, -0.47378531935399, 0
-0.49463637944725, -0.37773182455982, 0
-0.44897002572034, -0.30353047738111, 0
-0.40742954924567, -0.24574259038821, 0
-0.37047812170424, -0.20033931707058, 0
-0.33804603022084, -0.16433686803805, 0
-0.30982289235412, -0.1355165755713, 0
-0.28540785259697, -0.11221895259532, 0
-0.26438596511577, -0.093194108101171, 0
-0.24636546291132, -0.077493344563421, 0
-0.23099419874929, -0.064390438283457, 0
-0.21796512771712, -0.053324231508239, 0
-0.20701623034691, -0.043856524830017, 0
-0.19792783878362, -0.035640968677806, 0
-0.19051897945968, -0.028399873527333, 0
-0.18464359361858, -0.021906724109545, 0
-0.18018707866795, -0.01597279432196, 0
-0.17706336404038, -0.010436689464421, 0
-0.17521261181038, -0.0051559430127754, 0
-0.17459957446708, -9.0422461185291e-017, 0
-0.17521261181038, 0.0051559430127753, 0
-0.17706336404038, 0.010436689464421, 0
-0.18018707866795, 0.01597279432196, 0
-0.18464359361858, 0.021906724109545, 0
-0.19051897945968, 0.028399873527333, 0
-0.19792783878362, 0.035640968677806, 0
-0.20701623034691, 0.043856524830018, 0
-0.21796512771712, 0.053324231508238, 0
-0.23099419874929, 0.064390438283457, 0
-0.24636546291132, 0.077493344563421, 0
-0.26438596511576, 0.093194108101171, 0
-0.28540785259697, 0.11221895259532, 0
-0.30982289235412, 0.1355165755713, 0
-0.33804603022084, 0.16433686803805, 0
-0.37047812170424, 0.20033931707058, 0
-0.40742954924567, 0.24574259038821, 0
-0.44897002572034, 0.30353047738111, 0
-0.49463637944725, 0.37773182455982, 0
-0.54285807669613, 0.47378531935399, 0
-0.58979736313374, 0.59895048306304, 0
-0.62692273465504, 0.76249459074216, 0
-0.6358179371653, 0.97437779794908, 0
-0.57790376138084, 1.2369446359696, 0
-0.38537157845803, 1.5106254632851, 0
-0.024114042457024, 1.64660664264, 0
0.33709025268098, 1.5110167048807, 0
0.52946233976152, 1.2377300194761, 0
0.58710843975298, 0.9755631679662, 0
0.57783528905721, 0.76408882520655, 0
0.54021941039775, 0.60096562964938, 0
0.49267353904207, 0.47623678273319, 0
0.44372477747798, 0.38063860939618, 0
0.39720553156381, 0.30691549351535, 0
0.35467996057966, 0.24963302847353, 0
0.31660373972369, 0.20476710508514, 0
0.28289842227112, 0.16933922168786, 0
0.25324351709025, 0.14113665874595, 0
0.22722652204217, 0.11850666790314, 0
0.20441911376068, 0.10020704229097, 0
0.18441418887113, 0.085297899595457, 0
0.16684203579751, 0.073063186280527, 0
0.15137549952272, 0.062953541236626, 0
0.13772952918841, 0.054544519307386, 0
0.12565806008043, 0.047505888742148, 0
0.11494983026638, 0.041578941739202, 0
0.1054239773259, 0.036559628548469, 0
0.096925839033984, 0.032285944487784, 0
0.089323148529199, 0.028628439139103, 0
0.082502688022756, 0.025483030292657, 0
0.076367399199417, 0.022765528962705, 0
0.073727419321574, -0.025201962697291, 0
0.079459344340829, -0.028148024725748, 0
0.085799699099318, -0.031545261198855, 0
0.092828073643441, -0.035479308610838, 0
0.10063560790584, -0.040055131088064, 0
0.10932650868688, -0.045402034568352, 0
0.11901957382691, -0.051680130442782, 0
0.1298495680824, -0.059088699914782, 0
0.14196817270687, -0.067877054509237, 0
0.15554402822124, -0.078358675065125, 0
0.17076105610854, -0.090929648677426, 0
0.18781369493304, -0.1060927127126, 0
0.20689677609671, -0.12448854387971, 0
0.22818624880189, -0.14693624514965, 0
0.25180441651014, -0.17448513396193, 0
0.27775901445764, -0.20847953820928, 0
0.30583798825131, -0.25063640755526, 0
0.3354288060933, -0.30312975553302, 0
0.36520838944153, -0.36866014221322, 0
0.3926112683417, -0.45044555855978, 0
0.41292697824008, -0.55195987454697, 0
0.41784079565187, -0.67595950205529, 0
0.39346975087299, -0.82166167662191, 0
0.3195686808901, -0.97785693324086, 0
0.17719319189516, -1.1113032792847, 0
-0.023906196260499, -1.1664957452182, 0
-0.22505729841377, -1.1108624984014, 0
-0.3675882797925, -0.97697215469854, 0
-0.44174967636045, -0.82032641914829, 0
-0.46648765718806, -0.67416392326562, 0
-0.46204990369357, -0.54969062304334, 0
-0.44232268099036, -0.44768557105187, 0
-0.41562482971656, -0.36538838052679, 0
-0.38667180988872, -0.29932087674052, 0
-0.3580350348348, -0.24626035857263, 0
-0.33104455852562, -0.20350106397629, 0
-0.30632102077425, -0.16886318566141, 0
-0.28408583572747, -0.14062327170473, 0
-0.26434202009628, -0.11742964604416, 0
-0.24697957952209, -0.098224634245632, 0
-0.23183662434063, -0.082179573124216, 0
-0.21873435923094, -0.068642789231763, 0
-0.20749662251002, -0.057098830416984, 0
-0.19796031903045, -0.047136835313263, 0
-0.18998054440566, -0.038426073163881, 0
-0.18343268380144, -0.03069699720713, 0
-0.17821285958676, -0.023726478474026, 0
-0.17423755273123, -0.017326169931893, 0
-0.17144289090068, -0.011333178950813, 0
-0.1697838944397, -0.0056024014091801, 0
-0.16923384832883, -5.7029034272738e-017, 0
-0.1697838944397, 0.0056024014091801, 0
-0.17144289090068, 0.011333178950813, 0
-0.17423755273123, 0.017326169931893, 0
-0.17821285958676, 0.023726478474026, 0
-0.18343268380144, 0.03069699720713, 0
-0.18998054440566, 0.038426073163881, 0
-0.19796031903045, 0.047136835313263, 0
-0.20749662251002, 0.057098830416984, 0
-0.21873435923094, 0.068642789231763, 0
-0.23183662434063, 0.082179573124216, 0
-0.24697957952209, 0.098224634245631, 0
-0.26434202009628, 0.11742964604416, 0
-0.28408583572747, 0.14062327170473, 0
-0.30632102077425, 0.16886318566141, 0
-0.33104455852562, 0.20350106397628, 0
-0.3580350348348, 0.24626035857263, 0
-0.38667180988872, 0.29932087674052, 0
-0.41562482971656, 0.36538838052679, 0
-0.44232268099036, 0.44768557105187, 0
-0.46204990369357, 0.54969062304334, 0
-0.46648765718806, 0.67416392326562, 0
-0.44174967636045, 0.82032641914829, 0
-0.3675882797925, 0.97697215469854, 0
-0.22505729841377, 1.1108624984014, 0
-0.023906196260499, 1.1664957452182, 0
0.17719319189516, 1.1113032792847, 0
0.3195686808901, 0.97785693324086, 0
0.39346975087299, 0.82166167662191, 0
0.41784079565187, 0.67595950205529, 0
0.41292697824008, 0.55195987454697, 0
0.3926112683417, 0.45044555855978, 0
0.36520838944153, 0.36866014221322, 0
0.3354288060933, 0.30312975553302, 0
0.30583798825131, 0.25063640755526, 0
0.27775901445764, 0.20847953820928, 0
0.25180441651014, 0.17448513396193, 0
0.22818624880189, 0.14693624514965, 0
0.20689677609671, 0.12448854387971, 0
0.18781369493304, 0.1060927127126, 0
0.17076105610854, 0.090929648677426, 0
0.15554402822124, 0.078358675065125, 0
0.14196817270687, 0.067877054509237, 0
0.1298495680824, 0.059088699914782, 0
0.11901957382691, 0.051680130442782, 0
0.10932650868688, 0.045402034568352, 0
0.10063560790584, 0.040055131088064, 0
0.092828073643441, 0.035479308610838, 0
0.085799699099318, 0.031545261198855, 0
0.079459344340829, 0.028148024725748, 0
0.073727419321574, 0.025201962697291, 0
0.070892328237678, -0.027365130926573, 0
0.076203208232786, -0.030490472279553, 0
0.082045309761845, -0.034079748917763, 0
0.088481463758648, -0.038217492991603, 0
0.095581894580609, -0.04300631849308, 0
0.10342459891384, -0.048571285254085, 0
0.11209540184765, -0.055065400750708, 0
0.12168744014345, -0.062676559828625, 0
0.13229967835003, -0.071636290493233, 0
0.14403384003299, -0.082230744462147, 0
0.15698879078745, -0.094814429452024, 0
0.17125087484663, -0.10982719310512, 0
0.18687787916087, -0.12781486641407, 0
0.20387301827234, -0.14945361456201, 0
0.22214336012582, -0.17557713444413, 0
0.24143410448044, -0.20720378794763, 0
0.26122565794007, -0.24555635220383, 0
0.28057423554239, -0.29205779786026, 0
0.29786954213092, -0.34826726733768, 0
0.31048010865161, -0.41568130161786, 0
0.31427809449976, -0.49524999026604, 0
0.30314442283313, -0.58633383593569, 0
0.26891371747699, -0.68472267358277, 0
0.20305207920824, -0.77969210507781, 0
0.1021401233595, -0.85213200034181, 0
-0.023674189381732, -0.87968125515802, 0
-0.14953853989488, -0.85164405199139, 0
-0.25060093492508, -0.77871270987748, 0
-0.31671439543178, -0.6832447839007, 0
-0.35129995573524, -0.58434675253694, 0
-0.36289385334431, -0.49273920555146, 0
-0.35966452076577, -0.41262828478794, 0
-0.34773484796984, -0.34464918622984, 0
-0.33123729429767, -0.2878471705541, 0
-0.3128088129426, -0.2407206195835, 0
-0.2940661205091, -0.20170479617862, 0
-0.27596044609609, -0.1693705136711, 0
-0.25901995039923, -0.14248803695259, 0
-0.24350924159579, -0.12003116281856, 0
-0.22953243700694, -0.1011573028988, 0
-0.21709904315635, -0.085180152350884, 0
-0.20616571312961, -0.071542255972783, 0
-0.19666247286409, -0.059790373812136, 0
-0.18850899988717, -0.049554495985595, 0
-0.18162456522513, -0.040530444972245, 0
-0.17593396853688, -0.032465640321751, 0
-0.17137096908899, -0.025147493959912, 0
-0.16788017988517, -0.018393911477371, 0
-0.16541804515351, -0.012045425930782, 0
-0.16395329678994, -0.0059585514558188, 0
-0.16346713718138, 1.2143064331838e-016, 0
-0.16395329678994, 0.005958551455819, 0
-0.16541804515351, 0.012045425930782, 0
-0.16788017988517, 0.018393911477371, 0
-0.17137096908899, 0.025147493959912, 0
-0.17593396853688, 0.032465640321751, 0
-0.18162456522513, 0.040530444972245, 0
-0.18850899988717, 0.049554495985596, 0
-0.19666247286409, 0.059790373812136, 0
-0.20616571312961, 0.071542255972783, 0
-0.21709904315635, 0.085180152350884, 0
-0.22953243700694, 0.1011573028988, 0
-0.24350924159579, 0.12003116281856, 0
-0.25901995039923, 0.14248803695259, 0
-0.27596044609609, 0.1693705136711, 0
-0.2940661205091, 0.20170479617862, 0
-0.3128088129426, 0.2407206195835, 0
-0.33123729429767, 0.2878471705541, 0
-0.34773484796984, 0.34464918622984, 0
-0.35966452076577, 0.41262828478794, 0
-0.3628938533443, 0.49273920555146, 0
-0.35129995573524, 0.58434675253694, 0
-0.31671439543178, 0.6832447839007, 0
-0.25060093492508, 0.77871270987748, 0
-0.14953853989488, 0.85164405199139, 0
-0.023674189381732, 0.87968125515802, 0
0.1021401233595, 0.85213200034181, 0
0.20305207920823, 0.77969210507781, 0
0.26891371747699, 0.68472267358277, 0
0.30314442283313, 0.58633383593569, 0
0.31427809449976, 0.49524999026604, 0
0.31048010865161, 0.41568130161786, 0
0.29786954213092, 0.34826726733768, 0
0.28057423554239, 0.29205779786026, 0
0.26122565794007, 0.24555635220383, 0
0.24143410448044, 0.20720378794763, 0
0.22214336012582, 0.17557713444413, 0
0.20387301827234, 0.14945361456201, 0
0.18687787916087, 0.12781486641407, 0
0.17125087484663, 0.10982719310512, 0
0.15698879078745, 0.094814429452024, 0
0.14403384003299, 0.082230744462147, 0
0.13229967835003, 0.071636290493233, 0
0.12168744014345, 0.062676559828625, 0
0.11209540184765, 0.055065400750708, 0
0.10342459891384, 0.048571285254085, 0
0.095581894580609, 0.04300631849308, 0
0.088481463758648, 0.038217492991603, 0
0.082045309761845, 0.034079748917763, 0
0.076203208232786, 0.030490472279553, 0
0.070892328237678, 0.027365130926573, 0
0.067906594586829, -0.029248745809681, 0
0.072787850308826, -0.032505164723351, 0
0.07812475845959, -0.036228613082381, 0
0.083964626919418, -0.040500366771674, 0
0.090358587192352, -0.045418037723871, 0
0.097361098829201, -0.051099181131597, 0
0.10502892144686, -0.057685718299066, 0
0.11341926684292, -0.065349335107811, 0
0.12258670535315, -0.074298021635191, 0
0.13257819821326, -0.084783898529438, 0
0.1434253330606, -0.097112403516245, 0
0.15513241409406, -0.11165273788824, 0
0.16765845135022, -0.12884910924896, 0
0.18089024662591, -0.14923159329148, 0
0.19460263915871, -0.17342408761574, 0
0.20840057592497, -0.20214433635795, 0
0.22163627399709, -0.23618648371007, 0
0.23329429518037, -0.27636861550208, 0
0.24184058087637, -0.32341418516971, 0
0.24504534653571, -0.37771524748023, 0
0.23982989771691, -0.43890005779817, 0
0.22228228256617, -0.50512173142632, 0
0.18816027803008, -0.57208221705422, 0
0.13436451026203, -0.63218963358062, 0
0.061557145117765, -0.67501511866219, 0
-0.023419255514558, -0.69054133059441, 0
-0.10844388612105, -0.67448257206746, 0
-0.18139624128657, -0.63112079675006, 0
-0.23543466286794, -0.57046955001193, 0
-0.26989850280191, -0.5029537912663, 0
-0.28788928429413, -0.43616133573157, 0
-0.29365203623839, -0.37438594574004, 0
-0.29110220551489, -0.31946992853156, 0
-0.28332271178648, -0.2717800905459, 0
-0.2725483449728, -0.2309189970773, 0
-0.26031900886165, -0.19615728108291, 0
-0.24765689695054, -0.16667030404451, 0
-0.23521753954758, -0.14165660804558, 0
-0.22340482395178, -0.12039023201907, 0
-0.21245394107697, -0.10223799140177, 0
-0.20248943971805, -0.086659256618296, 0
-0.19356512250566, -0.073197765711803, 0
-0.18569112017988, -0.061470484241155, 0
-0.17885208259088, -0.05115602939215, 0
-0.17301928935828, -0.041983823491037, 0
-0.16815863748128, -0.033724424820671, 0
-0.16423585283805, -0.026181117467479, 0
-0.16121984698945, -0.01918266303479, 0
-0.15908484293616, -0.012577039387598, 0
-0.15781168732292, -0.0062259644743544, 0
-0.15738862233005, -2.5587171270658e-017, 0
-0.15781168732292, 0.0062259644743543, 0
-0.15908484293616, 0.012577039387598, 0
-0.16121984698945, 0.01918266303479, 0
-0.16423585283805, 0.026181117467479, 0
-0.16815863748128, 0.033724424820671, 0
-0.17301928935828, 0.041983823491036, 0
-0.17885208259088, 0.05115602939215, 0
-0.18569112017988, 0.061470484241155, 0
-0.19356512250566, 0.073197765711803, 0
-0.20248943971805, 0.086659256618295, 0
-0.21245394107697, 0.10223799140177, 0
-0.22340482395178, 0.12039023201907, 0
-0.23521753954758, 0.14165660804558, 0
-0.24765689695054, 0.16667030404451, 0
-0.26031900886165, 0.19615728108291, 0
-0.2725483449728, 0.2309189970773, 0
-0.28332271178648, 0.2717800905459, 0
-0.29110220551489, 0.31946992853156, 0
-0.29365203623839, 0.37438594574004, 0
-0.28788928429413, 0.43616133573157, 0
-0.26989850280191, 0.5029537912663, 0
-0.23543466286794, 0.57046955001193, 0
-0.18139624128657, 0.63112079675006, 0
-0.10844388612105, 0.67448257206745, 0
-0.023419255514558, 0.69054133059441, 0
0.061557145117765, 0.67501511866219, 0
0.13436451026203, 0.63218963358062, 0
0.18816027803008, 0.57208221705422, 0
0.22228228256617, 0.50512173142632, 0
0.23982989771691, 0.43890005779817, 0
0.24504534653571, 0.37771524748023, 0
0.24184058087637, 0.32341418516971, 0
0.23329429518037, 0.27636861550208, 0
0.22163627399709, 0.23618648371007, 0
0.20840057592497, 0.20214433635796, 0
0.19460263915871, 0.17342408761574, 0
0.18089024662591, 0.14923159329148, 0
0.16765845135022, 0.12884910924896, 0
0.15513241409406, 0.11165273788824, 0
0.1434253330606, 0.097112403516245, 0
0.13257819821326, 0.084783898529438, 0
0.12258670535315, 0.074298021635191, 0
0.11341926684292, 0.065349335107811, 0
0.10502892144686, 0.057685718299066, 0
0.097361098829201, 0.051099181131597, 0
0.090358587192352, 0.045418037723871, 0
0.083964626919418, 0.040500366771674, 0
0.07812475845959, 0.036228613082381, 0
0.072787850308826, 0.032505164723351, 0
0.067906594586829, 0.029248745809681, 0
