PE (V):8000, 3rd Electrode (V):4000, x_width (mm):0, y_height (mm):0, 1st Solenoid wire current (A):5.848292590887, 2st Solenoid wire current (A):-5.1642817615398
ion#, endposx (mm), endposy (mm), endposz (mm), endvelx (mm/usec), endvely (mm/usec), endvelz (mm/usec)
1,591.05608085163,-0.55893844657956,2.5152651135999,1230.8586638386,-12.12947620383,54.879465451878
2,591.09959780788,-1.6727270059841,-2.7687368850808,1230.4054253431,-36.084138543051,-59.572746039803
3,591.05215411958,0.84032804763136,4.2004519080849,1229.8111129185,17.584212264814,87.357773795328
4,591.09893357618,3.4075273640718,-2.4767707718657,1229.8299925935,71.040331281474,-51.763889728384
5,591.05048541525,1.3530766629434,0.2561070571502,1231.5106515718,29.927263487413,5.6296144110447
6,591.07981238648,-2.8633979713021,1.28576361901,1230.47369547,-61.768439380569,27.820629584746
7,591.03462140909,0.1361250800076,1.9492939171763,1231.2370802286,3.0437190211147,42.883169002848
8,591.03083932263,-2.2766478816093,3.2947426998867,1229.9063479533,-47.907240921003,69.505578759866
9,591.09365486354,3.2601579791665,2.9789305466911,1232.2054698648,58.313470108411,53.137409543817
10,591.04201207731,4.3274054787675,-1.1055520044424,1229.8322590563,88.8858636751,-22.821978948751
11,591.03751180436,-4.3657337121372,1.6874835772534,1230.7636987642,-84.373044380162,32.736470992295
12,591.00611419679,2.7834976768037,-3.3954058947856,1232.2743778936,49.45199493351,-60.495018924027
13,591.07472730032,0.11402538504762,-1.4448102450059,1231.4788360035,2.4820729745928,-31.921281054491
14,591.00379777517,1.3193862145576,0.52522816859765,1231.4912394593,29.203386998524,11.588611802077
15,591.07062604123,-1.8541987593439,0.78799388690869,1231.2021128813,-40.721592459881,17.360087110178
16,591.05702523433,-0.44931363685702,-2.7191145270024,1230.7400496016,-9.839327435375,-59.125034667665
17,591.01312178583,-1.0775017848275,-3.7296322080934,1229.9724039764,-22.911788598227,-78.959951779107
18,591.09161641104,-4.0450010542574,0.43798400620544,1229.8809371199,-84.955133374001,9.299587603826
19,591.08337681311,0.48134813072328,-0.47638998743771,1231.7221852047,10.666315298825,-10.583468336592
20,591.06764322371,-0.97963596152599,2.9962554367481,1230.4628908007,-21.066979171296,64.685124121611
21,591.08072465552,-2.9983549649109,-1.8269299462644,1230.2123264464,-64.197953769804,-39.015511687661
22,591.02928998063,-1.5386726340698,-2.9387263834337,1230.3430521974,-33.179582538022,-63.193755579083
23,591.04136106983,0.71283539229959,-3.9253025268919,1229.9145541777,14.935077422644,-82.79380970318
24,591.06723203813,-0.45217658087888,-2.8020778998605,1230.6820559123,-9.8875329440758,-60.834134746697
25,591.08109050769,-4.3049099984186,-1.5506586611936,1229.9208576833,-87.480235233789,-31.391772613261
26,591.04756353952,0.0369977498916,0.80534502683289,1231.6942687394,0.8406279254536,17.869775274586
27,591.04045431319,1.3776937919836,-1.1002277626792,1231.3359760774,30.342314373779,-24.287520051539
28,591.0452996282,1.7476975821478,3.2553914794299,1230.0864973801,37.301616311377,69.288608779276
29,591.09929551707,-1.3411854828532,-1.5915515773324,1231.1673624013,-29.46948265174,-34.892448848308
30,591.08182105987,3.2529009940551,-3.2646472937566,1231.3234323889,60.97914740503,-61.360429777219
31,591.03044724726,-0.27669723349003,-1.9381449866139,1231.2348523214,-6.1360227566315,-42.635766818574
32,591.02746991314,4.4147566754794,-1.5827126080585,1230.3915817724,86.971889488439,-31.302623054691
33,591.07263512795,-0.062018514338379,-0.68441324495725,1231.7199470344,-1.3969388563608,-15.186222318745
34,591.09654684273,3.5210528879124,-1.3373646330654,1230.0435695124,74.736658215788,-28.485151135613
35,591.03411518268,-2.3183908059808,-0.94772072523424,1230.9066670713,-50.667238642749,-20.64448654947
36,591.06929456561,0.10139306108892,-4.5967975342467,1229.9528751033,1.9406055215211,-93.101001825195
37,591.05085570367,2.3193582761419,-0.61596157743181,1230.9726361573,50.709176206147,-13.529093665881
38,591.01939656507,0.3453940512346,0.75825385038127,1231.6861446427,7.6865427688227,16.822582589863
39,591.04216098127,-0.16511111962907,-0.057926559255693,1231.7887837324,-3.6580484497871,-1.3224067138984
40,591.07258145009,-0.15182498465529,-4.5893518203702,1229.9429677241,-3.1899629643436,-93.017051823984
41,591.09459497036,-1.2943330039097,0.80769165626336,1231.4484011002,-28.546586705138,17.856394984239
42,591.05705015151,-2.2076160455879,-0.12822395209417,1231.0907625199,-48.404756826511,-2.7566601771532
43,591.06945307273,2.0651406355973,-2.8575079591736,1230.2008387852,44.10712144209,-61.179181405182
44,591.00533865039,2.5441029426492,-2.5585256683966,1230.143920269,54.290200096891,-54.725175361912
45,591.08156078327,2.1545749217422,4.0356455702399,1229.9196716757,43.868402237092,81.930001293051
46,591.00031853458,0.8762028305957,-0.99844594495448,1231.5280022191,19.373836353668,-22.128504295243
47,591.07910546097,-2.0936162731445,-3.8761300193618,1229.8123236889,-43.297651589489,-79.932842903282
48,591.01642006288,1.0938886095585,1.9627014133418,1231.0665930184,24.037460339073,43.016014570468
49,591.03585684087,-0.87008082734893,-3.7508933225133,1229.9929345726,-18.533989685583,-79.477723513958
50,591.08934372104,-2.4581595898124,2.3055021840512,1230.3100125157,-52.71540781195,49.555119460534
51,591.03609510196,-2.3098244115234,-1.1802855168286,1230.8478431947,-50.416199043228,-25.69049796401
52,591.05637355416,-1.4104533649731,1.3239063666866,1231.2482601839,-30.99315927781,29.157549814786
53,591.06813602455,-1.3569132459357,-0.10129671290454,1231.5172790146,-30.001913028197,-2.2076249331654
54,591.00529572456,-1.1506975799611,4.238357529936,1232.2695426913,-20.379947370374,75.481688266694
55,591.08301491526,-2.0914399026621,-0.13322989719446,1231.1584705224,-45.901450432699,-2.8724315944424
56,591.00903689316,1.1428907115739,1.9420853117045,1231.0621719479,25.112728842433,42.564467756228
57,591.00942860924,-1.1003360944781,-2.7820136047558,1230.5749372421,-23.915447447515,-60.263738902521
58,591.00070776048,1.3728806240681,-3.343191096822,1230.1401511879,29.245298712578,-71.453153318908
59,591.08810455779,-0.52447635871324,0.9178769174956,1231.6242127613,-11.590953797004,20.340787270538
60,591.0910008024,-0.60254964335416,-3.5826823989249,1230.1304846595,-12.934737469952,-76.371569346304
61,591.01699548355,3.0470236408242,-3.3656807897196,1231.6720198208,56.147246743319,-62.186249719403
62,591.01673791539,-0.31427818103296,-1.1775971159426,1231.5703759692,-6.9923842549663,-26.07840445427
63,591.02806348561,4.6141322888676,0.84595625909085,1230.4574722072,90.668695529569,16.505581564067
64,591.0483591022,-2.9611979966516,0.77101106117111,1230.5260517905,-64.03069496427,16.749792177732
65,591.08841858908,-2.6955861723123,-0.42569777647181,1230.7589412679,-58.629305397159,-9.1909519392165
66,591.05235895722,1.2981989230061,0.45425137706709,1231.5113713614,28.717973083881,10.012593219476
67,591.0091332087,-0.38342640652323,-2.2204727253211,1231.0622296091,-8.4634922619714,-48.688469869662
68,591.02542466928,1.9339524793018,2.7007346126644,1230.3396771035,41.676840881542,58.060146060455
69,591.02104278505,2.0247417424404,-1.335518907113,1230.955586157,44.255264722607,-29.262078686275
70,591.00366181982,-2.7197352822259,2.1646639404242,1230.2324040684,-58.258973346049,46.479494540832
71,591.08894310762,-0.83413216672248,-1.3945130220498,1231.4039075921,-18.428967821463,-30.731099294516
72,591.04383411087,2.4979869437882,2.3450611347141,1230.2682023492,53.64748677564,50.247029360186
73,591.03779084024,-0.34581437384914,-4.3273889181364,1232.4934396569,-6.1841358953781,-76.0346853843
74,591.06412073537,-3.244330530173,1.0207937194016,1230.2873812203,-69.598129073279,21.986527390831
75,591.02969661674,3.6154050994926,-2.9689676728963,1230.2339729009,71.815949883853,-59.124872629212
76,591.0322050744,1.6501328649482,1.637289915769,1231.0211307425,36.18305077103,35.820197235806
77,591.05665341724,-2.8747393720585,-1.5887011102261,1230.3682344229,-61.913341729042,-34.122788452486
78,591.02822779802,2.758169034085,2.4929425142118,1230.0725045805,58.781563080488,53.004884131986
79,591.00147557065,-1.2866678265995,3.8377659704121,1229.8886283933,-26.990444335607,80.82010999303
80,591.06904940721,2.1835096774634,0.27562925973944,1231.0975550408,47.875924571556,5.9893280141001
81,591.09371644341,1.6176431750804,-0.80819595148358,1231.3151391168,35.589109150605,-17.829681476812
82,591.00902030594,1.5404806364466,-2.2255726421383,1230.7705981705,33.501692472536,-48.517858581655
83,591.00688462088,0.12065122465722,-0.83651918004989,1231.6823042333,2.6550705899516,-18.575077790659
84,591.05460809575,3.1329312232821,-0.46197283805149,1230.4515751241,67.591612219839,-10.046348538567
85,591.0793646881,1.9762840486262,2.0225064922221,1230.6895532009,42.962409592662,43.868191277573
86,591.06265368378,3.3586494222483,-0.54730089968213,1230.2859677493,72.061472193536,-11.827973759444
87,591.03611130678,0.77787097884535,2.4745114610131,1230.8478516949,17.029401142115,53.960722295806
88,591.03373606241,-1.1064393044157,-1.2575080177961,1231.3789212852,-24.444102882364,-27.717688110749
89,591.03200382567,-1.4550535663487,1.163551640683,1231.282623345,-32.015853372849,25.660037183675
90,591.03088865288,-1.2190663017269,-3.8146765352675,1229.9063827349,-25.791061508126,-80.378627396006
91,591.02092735269,-1.7003434189589,1.3170698294791,1231.124159599,-37.296999088554,28.957206054107
92,591.0570652417,4.6194165138756,0.14230903493666,1230.0084594315,93.194621498396,2.7573055072967
93,591.00638087808,0.1499292505606,-0.73349642498358,1231.7066011181,3.3110334145816,-16.297524840586
94,591.00903133362,3.2832322173084,-1.7986578017276,1230.0548305351,69.820370230844,-38.355649309179
96,591.00719048614,-3.1023928061063,2.8213414089682,1229.830690173,-64.806388094015,59.075574518624
97,591.04338317865,0.2521038014434,-1.0697861931446,1231.6113581565,5.5601763489061,-23.710749151371
98,591.09492870491,-2.249625359836,-0.30107828997639,1231.0540625256,-49.261032340406,-6.536368595519
99,591.02818418617,4.6889032661609,-0.14466103172364,1230.4762142556,92.033638762776,-2.955393701122
100,591.02363555064,0.37964990552868,-1.5448752321676,1231.416564728,8.3462107395558,-34.126127396166
101,591.0523971246,0.47107453379642,0.52597688622777,1231.7152143915,10.467179484789,11.667012692896
102,591.07922400687,3.7172337315995,-2.7319708053046,1231.2941778672,69.80883608263,-51.446448196456
103,591.01580466552,-2.625333171246,-2.0537238855435,1230.3313846661,-56.529737626144,-44.116523308892
104,591.00513890188,0.34719193202489,-1.3757207862107,1231.4918464195,7.648315392199,-30.445003526716
105,591.03453375002,2.0641343741734,-2.4309915398086,1230.4345905624,44.473270347323,-52.498671523056
106,591.03841324967,0.68173597379694,0.7426907092543,1231.6368487579,15.134861436341,16.447925580615
107,591.08050215853,0.79824807981162,-2.5225962409082,1230.8146345892,17.322354406317,-54.957796560551
108,591.00123688511,-0.78522414592688,-3.67103334893,1230.0475818138,-16.795859050614,-78.079813672877
109,591.02453444807,2.5421019302216,-2.525598691059,1230.1593080374,54.26944976121,-54.042287937681
110,591.09921275405,-0.0051424487608153,-1.3317412240726,1231.5277082189,-0.14765901531428,-29.432630361021
111,591.0343672943,-1.7516620312875,2.95826512368,1230.2595690509,-37.499914325228,63.497197550676
112,591.06733541218,2.8339418204064,0.15611663089471,1230.6821172735,61.540972704142,3.3203671460489
113,591.06382838638,-2.9604356457582,1.6751072009153,1230.2870987511,-63.489255405386,36.02092657966
114,591.09436347997,3.8930532642217,2.425130069932,1231.4638495667,72.650743176299,45.124029696314
115,591.08180639543,0.28403018366747,-2.629478805013,1230.8154668296,6.1207783666805,-57.272703584214
116,591.08434839011,-3.7527379294915,0.47828625755889,1230.0326814246,-79.646924181117,10.244942095723
117,591.07337699535,-2.976005592562,0.58926201381415,1230.5465494208,-64.361405245272,12.820401181354
118,591.09155978991,-0.65541849806103,2.9430263949417,1230.5616626405,-14.106484507922,63.682026898611
119,591.06856690308,-3.3106033710576,-0.75512934874337,1230.2916920496,-71.069160972941,-16.124473263005
120,591.03451876669,-1.7094173986389,-3.7838229259064,1229.8463443221,-35.898219379616,-79.211416830782
121,591.00869130195,2.6134344211614,1.2355745422468,1230.6449259872,56.777060969233,26.764145792049
122,591.08402866932,1.7930238297204,3.0137911939756,1230.2157454077,38.439673028127,64.44283337569
123,591.02257799683,-0.68128037639094,2.5149173942312,1230.8406922906,-14.800058438692,54.879850730611
124,591.06384790567,-0.48113051630532,-3.1196688148458,1230.4595718269,-10.460054445048,-67.310172405464
125,591.06739445219,-1.4394733150518,1.1324809310234,1231.301491034,-31.663655858609,24.969519636533
126,591.0266743548,-2.3003246019551,-0.75382275534277,1230.958700294,-50.332900530398,-16.431824414314
127,591.04700334207,-2.795599756804,-0.58494626124004,1230.6699286812,-60.71923560884,-12.632247685345
128,591.00510140945,-1.3975357542202,-4.3050633779986,1229.8704796759,-28.673605718524,-87.964912304503
129,591.02125660673,-1.9499595266588,0.90677314460656,1231.124334786,-42.787164961431,19.95560118462
130,591.00620987681,-0.16265473677127,-2.0652024197367,1231.1709846563,-3.6266866115563,-45.393964919006
131,591.04321383578,1.07825038476,-1.3917735837374,1231.3370473993,23.733720801032,-30.705874808914
132,591.02154994894,-0.36483943387968,0.028776421675016,1231.7737342835,-8.1120565151725,0.6630864787262
133,591.00631588766,0.75116393704522,2.8991685160176,1230.5727650488,16.350937556585,62.811019499214
134,591.03712422174,-0.72006864576831,-0.012809700528302,1231.7113075726,-15.988561181662,-0.2673674945857
135,591.04525309667,-0.58044266339678,-1.4599896113135,1231.4256894591,-12.851675627868,-32.220947214712
136,591.0990896383,3.7195742087539,-0.57058672579144,1230.0458549663,78.977119563763,-12.20839041894
137,591.03519989488,1.0223886507637,-0.63169391385844,1231.5761550789,22.628295660319,-14.01451143212
138,591.01656419327,0.34416387768104,3.7176148390297,1230.0622498773,7.4174290865571,79.115790648869
139,591.07970946352,-3.4453558013018,2.4743565633299,1229.8214542308,-71.739566738556,51.65007841284
140,591.08020429451,-3.816784261578,-1.4567473980019,1229.8715921894,-80.164263025942,-30.488281485611
141,591.03699402062,-3.6944398068537,-2.8749658541707,1230.7537638316,-71.542188926853,-55.526705928136
142,591.02070294154,-1.842208647825,-0.91927699285716,1231.1784865188,-40.516090842076,-20.159936911081
143,591.07381261855,0.43801233850991,-3.1148402520874,1230.4683519803,9.3762695695962,-67.234265045032
144,591.00609549007,0.55582414018075,1.3044992868351,1231.492277338,12.328244261395,28.847356329786
145,591.03364538139,1.9203190911571,0.36617305053481,1231.2365642043,42.258574239279,8.0082356737223
146,591.01546490947,2.2810176550123,3.8895184808951,1229.8601430693,46.801746336956,79.583900137298
147,591.03006317874,1.4516709531302,1.8179674305267,1231.0200635888,31.84108076217,39.782769857776
148,591.01548972556,-2.7741455425075,-0.79001692598151,1230.6500169411,-60.256535220417,-17.085934920248
149,591.09041853869,-2.7060722852899,-3.0406144616707,1229.8799338419,-56.913118189826,-63.798182833643
150,591.00653360267,-1.5117030420366,0.031025879031468,1231.4533525844,-33.419154072611,0.72381246961635
151,591.00243779475,-1.3965356923299,0.97542538228147,1231.3630817583,-30.797641051161,21.562449864863
152,591.00197955162,1.2633248827077,-3.6872510710663,1229.9623284002,26.65465667541,-78.093756004371
153,591.06679071147,-1.894161644322,-4.0372526669093,1232.030514548,-34.305966021656,-72.860946031725
154,591.06562164481,-0.31032189556752,0.51246425015018,1231.7359342182,-6.8799748663273,11.380185851225
155,591.00569963884,0.53382352566677,0.52581656291756,1231.7064980989,11.871929762506,11.66643257306
156,591.06589342564,-2.8332511327552,-0.7698551361741,1230.6143267545,-61.42484269883,-16.615121979883
157,591.03357778565,1.5592355990282,-2.9220975679096,1230.3468151735,33.479594194485,-62.915831206665
158,591.00366822448,-2.8728899545252,0.36099029949312,1230.6412318408,-62.370688031958,7.9092462314159
159,591.04694143839,-0.23002809710578,-2.5742812217452,1230.8536284679,-5.0815459046048,-56.148849117541
160,591.02944932085,-1.5456179823885,-2.6642170827971,1230.5108547901,-33.494217164033,-57.583045476881
161,591.02641951564,-1.6491609951529,3.027825689728,1230.2523207083,-35.295328163864,64.979553601389
162,591.08376826352,-0.14006083896928,3.1313076139412,1230.4769363534,-2.9462597544585,67.587818269189
163,591.06040222004,-2.4191278327762,-2.3972654372431,1230.2837994007,-51.970907229433,-51.382425159203
164,591.0609431014,0.07799832399012,-3.6728827508784,1230.1011982219,1.570835891266,-78.252138270622
165,591.08914317309,-1.204748877663,4.4350144503135,1231.4121436046,-22.418273360361,82.957377080682
166,591.02556001815,-1.9126619869488,0.43811835473028,1231.2322130256,-42.072766242021,9.6866852555791
167,591.0350120638,-4.6240726867356,-0.74752729713545,1230.7198925507,-89.637430394057,-14.373328317537
168,591.07084947393,1.6139104559499,2.9843696988175,1230.2939156104,34.711753951066,64.011521939411
169,591.05605083346,-0.83219984173397,3.730703641635,1230.0094909221,-17.558103895941,79.143681681004
170,591.05322115045,-0.085595687137986,0.51011654432128,1231.7531370117,-1.8835133752255,11.33168149566
171,591.06352371313,3.0826903113709,1.1096286858895,1230.3748255533,66.381747451938,23.808223397201
172,591.03867528462,1.7457029084578,-1.6620280616389,1230.9655109487,38.139519857064,-36.394108259977
173,591.00897728126,-1.2333316187625,-1.7749964021868,1231.1179525646,-27.123581350994,-38.940981939744
174,591.09061479095,-4.1360855929814,-1.9157887430103,1229.8966868894,-84.239649754166,-38.895816235483
175,591.01027131342,-2.8456943890344,-1.2307456978556,1230.496350109,-61.56981647355,-26.544337055563
176,591.09199449779,-0.58342573343817,0.87720888897855,1231.625232965,-12.897325577468,19.440457160823
177,591.00104766845,-3.3040046409323,2.8491652301369,1229.8115691632,-68.368591851229,59.099318791281
178,591.02816970391,3.9069470856589,-2.5856766595043,1230.3176520438,77.299922398465,-51.297314882131
179,591.03657508389,1.9314081085075,-3.8502270464045,1229.812361624,40.034431296048,-80.045771599972
180,591.03640958739,0.86536639255247,-1.8528395109962,1231.1857570305,18.973169908274,-40.743982745526
181,591.05849703143,0.1066040238814,-3.1606958646442,1230.4549136342,2.2219405891021,-68.207047938064
182,591.0823676825,3.0015505853068,0.90837569741285,1230.475832947,64.805340787189,19.532052887391
183,591.06609585453,1.5849069703797,0.71724112326819,1231.3462461052,34.946209234879,15.768028517761
184,591.03194454225,4.0810228522923,1.8549399341451,1229.8404839057,83.785160219293,37.960931854381
185,591.07255509496,-4.3994900293245,-0.38274026992005,1229.8142970713,-90.727877164931,-7.783725326663
186,591.0810723689,-2.5363460705576,3.397383979985,1229.8223747463,-52.77796930122,70.869782794612
187,591.05633889791,1.6047694679463,1.0802511050671,1231.2482430047,35.327558011144,23.722599190512
188,591.09560004986,-3.1016283936522,2.6241779930798,1229.8841244652,-65.09833730617,55.208331313437
189,591.06713013059,0.75621411099284,-4.1933198579749,1229.8142576263,15.643562827137,-87.33532538983
190,591.02443405769,-0.41237219224483,2.3872619703484,1230.9574614906,-8.9613224005115,52.226740185353
191,591.08615552704,0.78394443484851,-0.55984303606714,1231.6533540971,17.354868815381,-12.42497444902
192,591.0558013204,0.61924028432433,-2.3140016783257,1230.9755875305,13.484834400762,-50.621985391255
193,591.05365911054,1.3670218048238,0.14010034726185,1231.511868896,30.231577699129,3.0642725361627
195,591.03831218452,1.3568457643443,2.7546166843263,1230.5178763917,29.414614184566,59.545528372314
196,591.05236969572,-4.0965187417975,1.2512618847451,1229.8110869657,-85.186945004942,26.130363096916
197,591.00942616528,0.18860036662869,3.4637490031733,1230.2373051947,4.1302485899031,74.266201197916
198,591.01424085255,0.58002495295658,-0.28696906136039,1231.7276823906,12.880824474001,-6.3871620322702
199,591.01624131692,-4.5383616977737,0.16387037450858,1231.6656579959,-83.777092928895,3.1374204316987
200,591.09133578119,3.6050559802352,0.68058547781851,1233.9458823543,54.859660762179,10.264863357869
201,591.00710256586,3.1963506915175,1.355154077975,1230.2353180473,68.56879692335,28.97716553537
202,591.08098267158,2.0795222836301,-0.93952270682333,1231.0463077782,45.510006607999,-20.623755394581
203,591.04018992493,4.1248151090424,1.7209708822235,1229.8334848961,84.771646893363,35.249238905947
204,591.00753245491,-2.5245103987646,-2.1914553409989,1230.324444316,-54.35848470405,-47.076782639287
205,591.03134285231,-1.1526812378046,-0.35242448203344,1231.5749787099,-25.53856057648,-7.7778757717386
206,591.08497185513,2.0458881182022,1.0027478444208,1231.0484932569,44.820783256802,21.904789343268
207,591.01333687657,1.7948256655118,-0.55895869469874,1231.2738454159,39.519239482492,-12.356883909301
208,591.08474669488,1.5449524507637,2.1435405799296,1230.8173538995,33.699357209478,46.644246863272
209,591.0269451882,-1.4461174002114,-2.0525225026087,1230.9018987669,-31.641695166181,-44.801097064485
210,591.06468967178,-0.97871004050247,-3.3934721218312,1230.1960849979,-21.018957826326,-72.563320137168
212,591.09092004722,0.0070014315456139,0.95882243071976,1231.6548039781,0.18103116577319,21.243029074954
213,591.04579975351,-1.7026262688274,-2.1793910948221,1230.7324677859,-37.08390540273,-47.357608881255
214,591.04130192753,-0.12951111543488,2.4046114413451,1230.9670216264,-2.7726516494197,52.594466564095
215,591.09053467983,1.9539839856266,2.9018958711625,1230.2217494205,41.885245521367,62.050988087182
216,591.07172884213,0.88650366770885,-1.2673933192078,1231.4383460037,19.536609054333,-27.99830081605
217,591.05953523672,3.7096198995517,2.1195542256155,1229.8113931762,77.26021542917,44.022933515857
219,591.06234190477,-1.896111047805,-2.1177320919599,1230.6791199527,-41.225104519035,-45.938590665117
220,591.09387035591,0.96918850014162,-1.2987087806271,1231.4056985969,21.338831977255,-28.662138080281
221,591.0641492964,-0.81552759449332,-2.244562259337,1230.9806675106,-17.890597866532,-49.066269366934
222,591.06250568831,-3.1479228238303,-0.25261505854959,1230.4583962458,-67.937312059038,-5.3732886704935
223,591.00285486617,-0.44733459862254,1.8355393085112,1231.2692427853,-9.8075390253659,40.444990993934
224,591.03607757657,-1.1490466056544,-0.34937679131145,1231.5764235326,-25.456305475942,-7.7106569053223
225,591.0785352125,2.3288769282059,-3.944658133474,1229.9282127859,47.174637488622,-80.12548093103
226,591.09773538453,-0.14325657450352,1.1349266180585,1231.5949267992,-3.144374308661,25.119721787003
227,591.08931507726,1.2776634758299,-3.4033575229729,1230.1287596779,27.156529067115,-72.591378434179
228,591.09223938234,0.53648213825521,4.0321969276524,1229.8814508,11.368564740117,84.686337589691
229,591.0754341236,-0.84934264120927,2.2214265109794,1230.98774139,-18.519070827485,48.599685309623
230,591.00605543647,0.62457917784232,2.6362594302921,1230.768877899,13.670290941423,57.411204523398
231,591.08715500907,0.55878012033101,3.0804075475976,1230.4795434697,12.13612982116,66.473881910083
232,591.01740321924,4.1882065816369,1.6620346140434,1229.8589817922,85.819681603908,33.936251686245
233,591.02105901432,1.4229393404492,-1.8504739298093,1231.0154609266,31.121448689845,-40.568015822147
234,591.05167101021,1.2163739104488,-4.2808588712558,1229.8297716319,24.91768827489,-88.094774139588
235,591.05865899263,-1.9484162295046,0.82846648311267,1231.1445949204,-42.743959223731,18.232394092438
236,591.02638248047,1.2234143052635,2.6012723990426,1230.6576303238,26.629922918832,56.453817478736
237,591.04331120234,-2.1237750000332,-0.17350915459963,1231.1361111338,-46.622278428382,-3.7563360807278
238,591.00967513358,-3.7638536141824,-2.249588030042,1232.2977658252,-66.93366583742,-39.879252525102
239,591.07188051024,1.3386011683441,-1.377105086447,1231.2559012871,29.408427346135,-30.321392093277
240,591.09741738483,2.511405967089,-3.3849287706571,1229.8300302792,52.314579480099,-70.684744051179
241,591.03504410169,3.0023237507687,3.5692587305407,1230.1402550439,60.118379565277,71.292396140573
242,591.08634111424,-0.66041637450745,2.1793438369979,1231.0492456154,-14.405860530384,47.733907101656
243,591.0551300416,-3.1796266646977,0.83068744701541,1230.3667791815,-68.414429661162,17.957779744978
244,591.07764511802,-2.1398956873675,-0.8008203945804,1231.0444952701,-46.876387572281,-17.481800219008
245,591.05049155548,1.3769949474043,-0.016632745874027,1231.5106539601,30.449371257899,-0.40213562074317
246,591.03840835122,0.72711437483175,1.6082413822147,1231.3351923024,16.068878842854,35.434402504345
247,591.05590089606,-2.1972760261023,-1.3460142708147,1230.8585629254,-47.96280154344,-29.305925723643
248,591.08444221699,1.7224216604526,-0.038716000744536,1231.3543585192,37.951621019827,-0.89657302015059
249,591.02718017403,1.1828759197193,1.8992728812499,1231.0732040125,25.986619614153,41.619662880791
250,591.07325565083,2.5746835194615,3.1849029839723,1229.8663399024,54.114240278945,66.779208624652
251,591.0118291818,1.9090840663026,1.7868119256578,1230.8344335158,41.692178762216,38.932734047852
252,591.03878028541,0.06334857909165,-4.1450846802819,1229.8495073752,1.2245576332864,-86.844442498635
253,591.03015683467,-0.4987449206562,0.885034548375,1231.6343377594,-11.035557753839,19.637545435957
254,591.09437331741,1.7769914844066,-0.331889028044,1231.3154642957,39.108148255276,-7.34867229262
255,591.01855657309,1.4311428945757,-3.1474698996135,1230.245274801,30.612820743907,-67.53309780265
256,591.0900241989,1.6244052004141,1.5913173539187,1231.0512981302,35.605503422395,34.801348247845
257,591.03519296551,-0.46971209655085,0.66984477172751,1231.6908074569,-10.410465102535,14.876123855059
258,591.07048424073,-3.4433220831552,-3.0936306799395,1231.2008899084,-65.177350167633,-58.404480867052
259,591.04323700476,-0.033826780430998,2.2231747575237,1231.0827617312,-0.68604543558436,48.747964881633
260,591.03584966995,-2.1066906517164,-3.5755230270753,1229.847374409,-44.217682265059,-74.844720330286
261,591.02866720523,2.5385915579228,3.933475044889,1230.2614151319,50.494041221621,78.02537647783
262,591.01498807843,-1.2194206257196,4.166105636762,1229.8062417548,-25.188022422335,86.435020657973
263,591.0975442556,1.3922481082011,0.31894783402769,1231.4883774612,30.757359523435,7.0104129120866
265,591.00830478536,-0.32602144247188,-3.4549203114077,1230.2363452371,-7.0765661722444,-74.072327484068
266,591.05541044271,2.382761744057,-0.70989112566405,1230.9203336765,52.027346349425,-15.563993791037
267,591.04490257003,-2.8590559463614,2.3413179615432,1230.0861417736,-60.832522410674,49.934047365953
268,591.07539734602,2.560337770157,-1.418220261301,1230.6210567332,55.45681599182,-30.801652606335
269,591.0299935859,1.0964212062624,-1.1447390534596,1231.4190970656,24.184001728555,-25.30513722292
270,591.01760051719,-3.2946278035004,-2.0416344948058,1229.9764034689,-69.83511892426,-43.162753329299
271,591.00447811938,0.39127732117866,-0.52693026749223,1231.726046372,8.6844358845028,-11.715834241268
272,591.02036699406,-0.15374496912732,2.3298482920733,1231.015091697,-3.3092674554864,51.036503857122
274,591.02693729283,0.60413935191391,4.4499339113178,1229.845807054,12.498790509136,91.236388944673
275,591.03459350765,0.80128390829485,4.0738710504487,1229.8464023494,16.884241466996,85.309483488786
276,591.00294870642,-2.5791542814151,-1.93699401792,1230.4079856881,-55.678943483417,-41.71537237403
277,591.02386951196,-1.6831013767762,-0.053471905405918,1231.3740435423,-37.14054424695,-1.1388604106602
278,591.00171041198,2.4298322310386,-2.6736251943862,1230.1410322632,51.842160510867,-57.176985489028
279,591.03224019389,0.65343115070073,-1.6456262567599,1231.3327768817,14.363838222934,-36.295373563848
280,591.00812316201,0.37923665811115,0.41024731844681,1231.7448819701,8.4361264313359,9.1083492496139
281,591.09299901363,-2.2952934439988,-1.0983038905442,1230.8804722442,-50.08553986386,-23.897153198336
282,591.06117974499,2.2554154080819,2.8994660889731,1230.1014239925,48.123310097266,61.717195211263
283,591.05878794821,4.1738643362863,1.976382161581,1230.0013686024,84.30394099756,39.793426219118
284,591.09486051563,-2.8230571106581,2.2784133389056,1230.1344550122,-60.140002782127,48.65158249155
285,591.0365216699,-3.786402569634,2.7538857454565,1230.7451975859,-73.215009485315,53.393060276885
286,591.00614769911,-2.6812100616173,3.2263199891367,1229.8304882239,-55.985106625743,67.529608002822
287,591.0318892521,-2.4242190320811,-3.9943759590771,1230.2030558334,-48.415933837192,-79.552711992438
288,591.01353762554,1.5966338505973,-1.3098098763214,1231.1748028868,35.063587567804,-28.831618991434
289,591.0985507233,0.19567268470249,-3.1119903021713,1230.4879955585,4.1470057742991,-67.179811894854
290,591.01762618606,-0.98531537569229,4.4307876711941,1231.6773274764,-18.068582896505,81.76726526647
291,591.06392474959,2.9293619385813,-0.22395062892274,1230.612907289,63.482988295576,-4.926149049601
292,591.00740106034,2.2027901710004,-3.9495746343393,1229.8671514455,44.947843978116,-80.820987622825
293,591.00718237111,0.54313229457149,-2.5618143503359,1230.8315504149,11.784886455652,-55.901479433588
294,591.05635473903,0.78454037007916,3.4545550719054,1230.1881287232,16.86437744959,73.862319035179
295,591.03768150241,-0.8085430822813,1.3552992073656,1231.4222864631,-17.820779872264,29.945382844162
296,591.02846336298,-0.035861057847625,-4.6824134299173,1230.2746394884,-0.82738060248235,-92.894302861416
297,591.03108478487,-1.833063131607,-0.68600298108639,1231.2351972006,-40.347542561913,-15.047578238217
298,591.06576723481,1.4807330582326,-0.46542136210825,1231.4355703575,32.67501253843,-10.31162516304
299,591.0498890861,-4.2791583899007,-1.7826117584246,1230.039072142,-86.167001060208,-35.771856810407
300,591.02793332529,-0.60781881041677,2.808187107168,1230.6585932744,-13.128419007728,60.992369253603
301,591.09451399747,4.2174730930338,0.12157147100536,1229.8300823256,87.980022734068,2.4321615330338
302,591.01622182587,0.60966445556696,-0.21126746241493,1231.7280165696,13.539757743311,-4.7074495051933
303,591.04862673518,-3.2366529627077,3.3221449260507,1230.0487984753,-65.026065417173,66.907227157426
304,591.08656251142,3.9119381425449,-0.32467944722536,1229.9508819219,82.632011941464,-6.9553318920634
305,591.03044008223,-0.30800808656796,2.2133177937972,1231.0751678565,-6.6988350908265,48.542574923692
306,591.00134032576,-1.5424888410069,3.7424982524583,1229.8885177485,-32.377833364743,78.820456349811
307,591.03340882793,-1.0998550465594,1.5022117776663,1231.2833136611,-24.184940416663,33.10913473349
308,591.07058436688,-2.9757048788558,2.8194871978595,1229.8645353701,-62.375592538468,59.239989243969
309,591.07288244451,-2.1195861081926,-4.0727715078643,1229.9421843257,-43.064571077688,-82.504202004579
310,591.01854556204,0.27123566991585,2.320709018696,1231.0140983332,5.9993068519253,50.826033018245
311,591.08125937327,-3.917962028606,0.34039658030444,1229.947578469,-82.745695570461,7.2865054325979
312,591.04949696573,-2.5731732860267,-2.0550256411203,1230.3614561932,-55.430140001099,-44.163881119631
313,591.04281260882,-1.4649421068861,-2.8223633109115,1230.4415382512,-31.677523459904,-60.859445998851
314,591.00916894209,-0.21363457321619,-1.3989367228347,1231.4936442942,-4.7595562167078,-30.943893242435
315,591.06983097806,0.18842200386315,3.2636229159192,1230.3807490295,4.1364844382665,70.248090337742
316,591.02094162061,1.9343201977449,-2.408543951607,1230.5043190145,41.773282932061,-52.137108246404
317,591.04021031782,0.34471362137377,-0.9455855333733,1231.6374477643,7.6171035372373,-20.973456456683
318,591.08245610267,2.3140659479572,1.079995450542,1230.8740627015,50.49717585743,23.498078637903
319,591.0842463077,-0.9055206842094,-0.7195258027528,1231.5899103927,-20.060495609498,-15.903705633814
320,591.01172535347,-0.8172150890418,-0.77860036900672,1231.6003719765,-18.134662085792,-17.238266029429
321,591.01603111866,-2.6979895885796,1.0187942111445,1230.6504260639,-58.55844111838,22.188290462604
322,591.08235804949,-0.78418457292007,1.7427470167861,1231.26064231,-17.204142079259,38.346645563018
323,591.01960113062,-1.9655828492347,3.0038062814735,1230.1551233288,-41.931443569685,64.242474809787
324,591.01496893693,0.18626565647034,-2.8789103916664,1230.6496231944,3.9736584330393,-62.516438311509
325,591.08863562324,1.1464628971227,2.9114389172352,1230.4806629981,24.816828980822,62.813200955039
326,591.01701510824,-2.3302621957581,-0.18811122655543,1231.0132387577,-51.047097196902,-4.0619880952189
327,591.04422703535,1.5489986120657,0.26847204113118,1231.4252179064,34.207441100427,5.8896597250225
328,591.07100476243,-1.4146421424699,2.2454854219057,1230.8086092774,-30.75432640511,48.93862302914
329,591.06739042349,-2.2845861004887,-3.596261720272,1229.8143836777,-47.66059098493,-74.829438780607
330,591.07867912848,-0.29506936825666,-4.3962145709641,1229.8123895138,-6.1969322731175,-90.70497613364
331,591.00927403992,3.2916115744735,1.4653236082022,1230.1469244794,70.366169330495,31.226736936907
332,591.01831804208,-1.2478334020015,2.7090685457668,1230.5811234443,-26.975648099687,58.742394930618
333,591.08290954602,3.5721670598265,1.6394974424494,1229.9485962385,75.494531645327,34.542554488702
334,591.07176150967,0.5635058796713,0.67643672367559,1231.6728034761,12.509539930913,14.984403724982
335,591.06129752642,-3.6666918581144,-1.6193214287763,1233.2650090846,-60.418685492434,-26.574605769619
336,591.06917607253,2.773466366785,2.6037653184523,1230.0192431127,58.909222201949,55.175691233804
337,591.08026205337,0.3284236386791,-3.4963030648247,1230.2118496278,6.9410288498953,-74.814728919571
338,591.03700656104,3.7132230354273,1.8493139907027,1229.8482390273,77.832565056135,38.64852726228
339,591.04633912071,-2.0219317131373,-0.91834819891842,1231.0845719323,-44.356569012382,-20.085497502015
340,591.02184308629,-3.5330260205963,2.2174816612586,1229.8374724269,-73.889245216106,46.497813729445
341,591.0404276862,3.5397356692366,2.7281072282017,1229.8333145894,72.780580131039,55.953445180633
342,591.08830285915,-3.7701107502724,2.2499350479956,1229.8134046724,-77.813223611083,46.563478166764
343,591.0601475596,-2.4736643682719,0.20540873840963,1230.9232476463,-54.024019529699,4.5469552573263
344,591.02826133755,-0.66972908893298,-4.6357647274794,1230.296183721,-13.388863010829,-91.864677808926
345,591.09339083073,-1.0731096482962,-0.40790042841449,1231.5931855196,-23.759120699574,-9.002477400088
346,591.09136638128,-1.6910364584635,1.9032203560383,1230.879464064,-36.834009002047,41.549514377644
347,591.05179067069,2.4619076239142,0.36883807282037,1230.9180661932,53.78344138687,7.9958476798435
348,591.00522381634,2.4341974938559,1.1910040472651,1230.7684009269,53.054444951527,25.884244485684
349,591.0245581552,0.46050561257705,-1.9083245139606,1231.2316575778,10.085706758072,-41.999662009735
350,591.01246092934,-2.0618137160847,0.13296747389532,1231.1742410119,-45.318701697829,2.9744611330682
351,591.07026637557,-0.39109167877813,1.8817294973855,1231.2551172635,-8.5560978966045,41.397886422545
352,591.03761962429,-1.6892104943068,-1.9667515644311,1230.8486417092,-36.897072239239,-42.86176223696
353,591.02587109136,1.156746991115,-4.0013252814571,1229.8400620691,24.116787759127,-83.794036645141
354,591.05168863202,2.6856434791292,-1.6842032899174,1230.449067169,57.908196169704,-36.407899982541
355,591.02875615027,-1.3746128866152,-2.8849657247983,1230.4296764036,-29.726465459519,-62.205200464104
356,591.08606476573,0.35303975607702,-1.4923050318094,1231.4447391631,7.7560453245159,-32.945606407635
357,591.05695139749,1.1299758623489,-4.2954530167413,1229.8267295797,23.154570971717,-88.447928857965
358,591.03331659432,-1.1776225697704,-4.3230931865754,1229.8391238058,-24.274922299064,-88.692589413342
360,591.06451203924,-1.8084308622062,-1.2612534198609,1231.0950041445,-39.678476708778,-27.60701226051
361,591.07165195317,0.62998603081014,1.4126255848661,1231.4383107422,13.941582769653,31.166075470687
362,591.06037104666,-1.9721357185446,-4.1723785241676,1229.9942576253,-39.93575980757,-84.225157696481
363,591.00483150414,-1.8318064776962,1.9975252842509,1230.7681753814,-39.853907913273,43.558061535346
364,591.06968584713,-1.307713033442,0.37065756354281,1231.517847063,-28.902558255159,8.2253267284201
365,591.02613014302,0.81646554490354,1.2511751766222,1231.4611908731,18.078656408449,27.634696396065
366,591.02750292634,2.5665556508998,-3.9233093519325,1230.3577752356,50.593030467339,-77.549462549847
367,591.05303759768,2.0274758016819,-0.10597537776735,1231.1934511574,44.552078895492,-2.3782707405222
368,591.09419409338,1.1368297115419,0.49955606427855,1231.562731155,25.155769636018,11.020712135185
369,591.04507466438,1.8272952593468,1.9549146869074,1230.7924024792,39.847276335804,42.532912408105
370,591.09534207402,0.22868161295649,-2.2577694907514,1231.0542985857,4.9511178159143,-49.437430815743
371,591.01029251933,2.2301639591843,-0.31514345902708,1231.0629151576,48.902365698424,-6.9661076720686
372,591.0176157793,-4.2806641846324,-0.69563517631691,1229.8062234326,-88.818263140113,-14.325127688637
373,591.00810714629,3.7296567151713,0.33722495092293,1230.0539593439,79.37084609756,7.0832829261566
374,591.07034724203,0.39184089757843,-3.7823041119962,1230.0202113458,8.2204754774756,-80.261938231423
375,591.02514168825,0.16608372154777,-1.4856611006948,1231.4607940918,3.6332255780922,-32.843037311023
376,591.07137235517,-3.3614436563128,1.4467903486741,1230.111144126,-71.597939902647,30.914782540577
377,591.05618941324,2.3186285586783,-1.8165757240452,1230.6073308345,50.20681354641,-39.427368782432
379,591.05864400225,-3.17350448395,-2.3762836329887,1229.9293322851,-67.030181333152,-50.069730331726
380,591.03183604312,2.4281099622351,2.0722587840668,1230.4323010067,52.435500516486,44.647518574882
381,591.06121117985,0.0039340301512505,-2.3906895738777,1230.9788667974,0.026523858009333,-52.282808131012
382,591.05798360859,-3.7887730891467,0.48512523274231,1230.010796511,-80.347555432014,10.382756525203
383,591.07148965591,-0.053544819798618,2.6529922330434,1230.8089165772,-1.1012620875424,57.780299062718
384,591.00601284807,-1.9037544905876,2.3123592364401,1230.5725542026,-41.200002228591,50.159803259256
385,591.05019426009,2.6349636198837,-0.8275311928077,1230.7354495609,57.286612242822,-18.062832867205
386,591.04395530402,3.4249739068726,-0.088189214068697,1230.2683135773,73.474206042998,-1.9766116859492
387,591.07319102175,1.9310697215798,1.0480582890999,1231.0998160058,42.359275912534,22.929002952734
388,591.04936377102,-0.70536355706732,-0.070709050794156,1231.7144646452,-15.660190174901,-1.5561180290785
389,591.07872784645,-0.5961754494083,1.3169655471687,1231.4803988837,-13.136306356005,29.108025400992
390,591.0373174272,2.1071731129253,-4.1557771821082,1230.1204682448,42.079881914529,-83.243657260365
391,591.0931709837,4.2291182121483,1.1492231646608,1229.8149621743,87.41966212475,23.643767767474
392,591.00543219524,-2.9130136506011,1.6451764419833,1230.3227175606,-62.61814914064,35.460448611136
393,591.07540425343,-1.3833049829892,-1.7044707639275,1231.1009457457,-30.366423775624,-37.331962883333
394,591.03696510679,0.036221088739279,0.44005207141009,1231.7568701085,0.80626568393576,9.7814908652028
395,591.06287894002,0.65290409976578,-0.24194565915651,1231.7177460057,14.48483973989,-5.3870644756129
396,591.02989905439,2.5470462843541,0.86175488698001,1230.7830611147,55.499743381196,18.706644992847
397,591.08740642508,4.5532854773253,0.31095959705232,1229.9062418574,92.635778160289,6.2143562026683
398,591.08333019107,-3.696295513002,-1.3345781678748,1229.9488542455,-78.109947547657,-28.099125208225
399,591.07324584602,1.1470469151867,-4.4450227235357,1229.9412826464,23.14386355553,-90.137737263948
400,591.02558948057,2.3066703532815,0.33139464762533,1231.0178011368,50.532156593132,7.2010972619751
401,591.01435715057,-0.38940146557316,1.4535683391392,1231.4565078083,-8.5709713542344,32.142650378943
402,591.02187713007,3.0580085413047,2.1294119635667,1230.0675612211,65.146664011215,45.251411926089
403,591.07964847036,-0.30818762530938,1.3142140948363,1231.5214237967,-6.7800373858546,29.05945946918
404,591.03284338631,2.3898005973499,-0.75329647131787,1230.9058168814,52.184993857873,-16.514944833043
405,591.03378655543,2.0283592295002,0.27774727273967,1231.1845687823,44.587922957677,6.0538503026294
406,591.07582212686,0.017480433819436,2.6497985373083,1230.8116577123,0.44567921345094,57.708492186104
407,591.05184408469,-1.6862900268993,-4.3139454055633,1230.0286741269,-34.066871919952,-86.838393121176
408,591.02380250925,-0.63780067123661,-0.017170239383541,1231.7292744379,-14.168239807415,-0.36225928911815
409,591.01956873639,3.5309889201198,0.64713534794856,1230.1550963874,75.475990441097,13.742098311783
410,591.08794774844,-4.5208047526691,0.61860252608722,1229.904606114,-91.961919799054,12.696387776147
411,591.09594193271,2.9390452927565,1.3613345718803,1230.4024774342,63.312808326904,29.237742395202
412,591.09733275481,0.32231368634912,0.46955507156165,1231.7421573275,7.1648447587273,10.407694587489
413,591.07953769011,-1.0364047308746,1.6086317425826,1231.2594442198,-22.754966695952,35.403985876873
414,591.09295612901,-3.5566386124134,-1.9718497800002,1229.8820331568,-74.761243551123,-41.334159560698
415,591.04445053788,-3.2161597453388,-1.5213594288735,1230.1771409097,-68.803304636232,-32.449492356446
416,591.02380532563,-3.6305115068083,2.6516388935068,1229.8495463203,-74.352456512165,54.443163546195
417,591.07257093623,-3.5681976497362,-2.3137334421446,1229.8170782749,-74.382587557756,-48.107350132683
419,591.01629519804,-1.095820728575,-0.724511140005,1231.532639799,-24.274895745203,-16.011475068046
420,591.02434153326,1.1648450521568,4.3413436880778,1229.848849358,23.986142852125,88.966041036931
421,591.00337389705,0.55390162576216,0.10083882952315,1231.7437191544,12.312222974144,2.226875122369
422,591.07854291396,-2.8162620875929,1.3891540747851,1230.4725597236,-60.747910261654,30.050657643271
423,591.09719825304,0.79711595332159,-1.7221130284459,1231.266872123,17.48545093957,-37.889131647009
424,591.09029542898,0.65147952416505,-1.9850699682756,1231.1624912404,14.248344920242,-43.57809943054
425,591.00612568488,-0.39888207353235,-0.85442077617425,1231.6590848488,-8.8741015375964,-18.9507356455
426,591.0057385611,0.82714950026832,-1.4857202492704,1231.3648079921,18.218246750764,-32.809495434435
427,591.06775442324,-2.8236972700946,-0.28334248192225,1230.6823671059,-61.321618379915,-6.0832571604419
428,591.07307708915,-1.9158323661565,-0.61631769859806,1231.2033793817,-42.109915898659,-13.4939854452
429,591.04580002601,-3.1459959227023,1.6578808968556,1230.1783731672,-67.226664441318,35.526322672299
430,591.01642840932,2.5273222436727,0.95113359729315,1230.7749742183,55.075129249581,20.655387650327
431,591.03643333416,1.8134486081648,0.40938736921011,1231.2848122206,39.945443426025,8.9714968740165
432,591.08810471407,-0.94092737941963,3.1087705434805,1230.3962363198,-20.18121641096,66.952477305663
433,591.03971436333,3.9822054511129,0.27813754034054,1229.9131558543,83.977366951126,5.7663741207471
434,591.07433449077,1.7866243476064,0.69839766447299,1231.2570842593,39.312176396676,15.317305204509
435,591.09903334559,-1.2299723316076,0.51104899805885,1231.527657482,-27.170572924121,11.326117139461
436,591.04581843798,-3.6647353852921,-0.46536470866809,1230.086965543,-78.061933753106,-9.8210641020018
437,591.08823159685,2.3577416296735,2.5886138900334,1230.2197933598,50.51593869172,55.335108881573
438,591.05950274951,1.4352805005991,1.9137727038685,1230.9778328961,31.436450290215,41.817345495898
439,591.05537378535,-0.42508154326951,-3.3853896771259,1230.2789991206,-9.2049734797311,-72.630026327562
440,591.03028101092,-0.45915904602379,-4.1330556146504,1229.8431500708,-9.7171891829222,-86.534888738704
441,591.00953718822,-1.5534828427981,-0.39746159991363,1231.4112773006,-34.321851924051,-8.7393447692174
442,591.02108646327,-1.4886011571984,0.1732120294199,1231.4591827522,-32.900739653042,3.8669260708585
443,591.0341855808,-0.88592160242039,2.5348734977757,1230.7856748988,-19.233029707662,55.23424747711
444,591.02944142005,2.2385037508085,-1.132433435292,1230.9035598596,48.871205000647,-24.793634166742
445,591.06397763029,-0.86765329944457,4.176547859895,1229.8127395302,-17.961029624684,86.972521401978
446,591.02124792137,-3.0016566550144,1.965004783592,1230.1565034431,-64.101076028928,42.06953625747
447,591.09834021172,-1.8000553273557,-0.12238167101655,1231.317392732,-39.625747529923,-2.6505533752637
448,591.00238792964,1.4332299440388,1.0848033317206,1231.3192849061,31.630167796728,23.885979560086
449,591.06739566055,-3.6099658985987,2.8532202102682,1229.9600702016,-73.008559137197,57.848102128336
450,591.03923984478,1.6335976909825,-4.3599444270935,1230.1104750294,32.619322056456,-87.384910039488
451,591.08988567852,4.034105741654,1.7260704084413,1229.8138494738,83.376841570828,35.556894639807
452,591.02144068328,2.1184232337178,1.1805998906048,1230.95580485,46.366053070835,25.771725961907
453,591.02491629323,0.66405894031376,-2.6099717012332,1230.7800453884,14.399315062483,-56.86651985207
454,591.00956028243,-0.250776119752,-1.3923929010172,1231.493817327,-5.5810492345149,-30.798114651716
455,591.0995215896,-0.93220917534093,-0.47546346282393,1231.6271507336,-20.653065813718,-10.505355383874
456,591.02562389926,-0.075829030990713,-3.1984251026964,1230.4269847311,-1.7148607067814,-68.997960794419
457,591.00664388419,-2.8439654157872,0.93769518037568,1230.5729930475,-61.610082467052,20.392031739277
458,591.05873432645,-2.1680666837876,-2.463991064997,1230.3702293002,-46.726071236823,-52.980606129276
459,591.03100525262,-2.5476339296221,-2.7026028926458,1230.074620525,-54.307880026612,-57.477297126606
460,591.09536963775,-2.8795321885751,2.6497979826285,1229.9571431247,-60.781224170866,56.062619433717
461,591.0667271882,2.129217564358,-4.0804769554377,1229.9628694948,42.995736997549,-82.642390697145
462,591.07430084984,1.4516495992093,-2.32520396273,1230.7509837936,31.511644315375,-50.602820234815
463,591.04037634033,-2.6942551855069,-3.6072467650095,1231.8444264484,-49.304119145023,-65.826696362043
464,591.0824778645,2.8968022057378,0.36932180704284,1230.6260486774,62.79454193725,7.9328703823158
465,591.0420631205,4.2967350178842,-1.8401797011754,1230.8428732635,82.681499420315,-35.535778524889
466,591.08181101008,0.47766352131505,-0.11612984327986,1231.7557652965,10.603205275961,-2.5824676702846
467,591.04877436022,0.44079385963601,-0.78737914308552,1231.6690082156,9.7545327047252,-17.47520402773
468,591.07751217872,1.6307196543316,1.3240334837859,1231.1553916185,35.821091880411,29.017317893951
469,591.08143897674,1.3883900985285,-1.5716528897078,1231.157589702,30.430771168865,-34.525532025275
470,591.02738566783,-2.9503166156404,-3.6450878479089,1230.3792446594,-58.279202404089,-71.819574877583
471,591.05077707429,2.1082594689938,3.920939937883,1229.829793655,43.462388340477,80.600086774319
472,591.00749980815,3.9447892529068,0.86662501213756,1229.8936226902,83.087100220457,18.151152685997
473,591.03293268942,1.0015525438399,-0.15374452405667,1231.635147666,22.203050499695,-3.4357481416922
474,591.07807342328,3.5181983794365,2.0826808172552,1229.8699143557,73.904299817349,43.632175009664
475,591.08511454515,0.042152935793377,0.39679824826485,1231.7661878946,0.94316483895337,8.8136522358146
476,591.06661249805,-0.68304577822922,-2.5683959746827,1230.8058250073,-14.938944292103,-55.920425962083
478,591.06766912598,-0.47475435525286,-1.9606470151072,1231.2006263183,-10.480055480428,-43.069362827769
479,591.05518526616,0.72463828866958,-3.9028406998889,1229.926352789,15.19414020242,-82.369110575156
480,591.08182610696,-0.092044711115425,1.8164739529169,1231.3091460276,-1.981427790207,39.990883623223
481,591.05420700035,2.2369154298114,-1.2820158686014,1230.8576155171,48.76231067135,-28.020531945013
482,591.0968169929,-2.8015947550866,-1.8572339105838,1230.3159129703,-60.19672007233,-39.806109871075
483,591.06093240432,-0.71008123759604,0.53776816187539,1231.6711351584,-15.731816485763,11.943589230486
484,591.08701902491,3.7891056322182,1.5004459720664,1229.8770850041,79.61000011445,31.416600323136
485,591.01562838748,-2.6038409178156,1.672588575629,1230.5003311295,-56.269214912975,36.236378259113
486,591.02798590816,-1.9438790702116,-4.2639785660041,1230.3350212935,-38.563021254754,-84.31010457153
487,591.06892703084,1.4111080789933,-4.4111260646572,1231.1888785283,26.593221800329,-83.505713750658
488,591.02749544878,0.81892971930727,-4.6161914297898,1230.3581682398,16.05954820567,-91.188341285843
489,591.023590485,-3.5308340962982,0.61872892998011,1230.1584981592,-75.44731737948,13.311288586224
490,591.04767099686,-2.4682262205697,1.2440536440995,1230.7337284566,-53.650420122959,27.117546737526
491,591.05970427396,1.0772532596335,0.99010515485871,1231.4732614934,23.826375916353,21.850579162292
493,591.00392408243,1.9285741001878,0.45563556702844,1231.2199551832,42.451481091949,9.9789153379219
494,591.03838168331,-0.76283807931432,-2.7603888064792,1230.6648398089,-16.633245905609,-59.920824186127
495,591.0634562803,3.093321043142,0.63081766992782,1230.4592296254,66.768931031149,13.536255969204
496,591.04296201741,-1.4793579163881,1.8983028643194,1230.9679832582,-32.307403958923,41.554279073243
497,591.00374711901,0.42695785529587,-2.1235777444468,1231.1152571932,9.3212475666874,-46.637851547731
498,591.07175617583,-0.15516136497991,-2.2847258333587,1231.0413381809,-3.454643298993,-50.025716473363
499,591.06194908227,3.6679950416035,0.17882378171015,1230.1021539673,78.152336645607,3.7191063572712
500,591.05100971914,3.263967440804,-1.7151201330568,1230.0917457937,69.480805735215,-36.612742766852
501,591.07030964616,-2.1671083165277,-0.99050823241017,1230.9844844037,-47.416198461837,-21.607538653091
502,591.00122862359,3.154266542195,1.1296792241373,1230.3193013066,67.872898750633,24.219549401046
503,591.02258885594,0.14652849968017,2.6014290354654,1230.840698108,3.2607623186682,56.746663156676
504,591.02181566188,0.15971399298685,4.0147654230142,1229.9008666031,3.4647350093079,84.590734207908
505,591.07779549376,-0.62795314780868,-2.1967111439014,1231.0445763548,-13.804855547096,-48.084733258515
506,591.04948496544,-2.898269662805,0.56112753198498,1230.6025270081,-62.799895578545,12.232400556341
507,591.0282910737,-4.5838317263676,-0.99777595671738,1230.4907309093,-89.939864859218,-19.45869959282
508,591.06038317463,4.0377641791323,-1.3925687510046,1229.8115733176,84.008296511178,-29.084362875263
509,591.07872049872,2.2314196363147,4.000192502747,1229.9276883036,45.39342824277,81.144744687614
510,591.03832246439,-1.427574910498,-3.2674732687323,1230.1715229562,-30.600161179805,-69.819281241268
511,591.03469797747,0.73864305736435,0.54157574952569,1231.6660576385,16.398275896533,11.996383421137
512,591.04126231672,-4.1752433187576,-2.051619705366,1230.100187456,-83.768795781644,-41.034548483827
513,591.09280269433,-0.14162122622026,-3.6278003325973,1230.1323346399,-3.1084933329999,-77.348097652694
514,591.03412335128,1.784919092264,-1.1787889701114,1231.13114812,39.153831412333,-25.920349673854
515,591.05979503571,1.1942015026396,1.7470854148761,1231.145234114,26.254512850066,38.315655585571
516,591.00498310913,-2.8940569760533,-3.0392809021711,1229.8303070731,-60.586407372862,-63.476065000301
517,591.02335261614,-0.27443070997394,2.223996501985,1231.0708625753,-5.9629901518459,48.77792532837
518,591.0964451538,0.83047763788946,-4.2976317898486,1229.8144207315,17.061045683053,-88.855913273387
519,591.08325500577,-3.9487568401904,1.5343556979082,1229.8238785365,-82.272905223796,32.080609763312
520,591.07805894427,-1.2364438879438,0.54528904531387,1231.5208696468,-27.319657337489,12.084740576186
521,591.0378417445,3.0457531737252,0.93292157661167,1230.4373644772,65.735864664703,20.053086975783
522,591.05247668708,-1.9898739611805,-3.9791723488103,1229.8297763263,-41.037065225488,-81.817679021986
523,591.04340073333,-0.98134128333805,-4.3548706503342,1229.8314655416,-20.274371034269,-89.470371636659
524,591.05554203914,3.6965104073273,-1.4453406506446,1229.9266562649,77.9632853453,-30.588542260362
525,591.00246883699,-1.0109052368174,-4.2417067085565,1229.8105562561,-21.047604221837,-87.849470234118
526,591.09298461579,-4.2183401990808,-0.16437354306067,1229.8299225891,-87.990596696808,-3.3246187947106
527,591.06614873725,-2.0245510297581,2.2693687271521,1230.5406426462,-43.737111722083,49.139393551801
528,591.02849074607,-1.098514226073,0.50248148684095,1231.5740972804,-24.318920077147,11.156437642713
529,591.07244052742,4.5278588050404,-0.94657152185963,1231.2172033915,85.483694226163,-17.987359825801
530,591.03559542597,-0.021244743067547,-4.6832163223046,1230.7296185576,-0.52740700741145,-90.715731866774
531,591.07154572059,2.9523786185859,1.399045209202,1230.382359722,63.588320206009,30.043531716776
532,591.02568563569,-2.1764438363704,0.83261712166268,1231.0178511298,-47.650687541866,18.291437909114
533,591.08351454549,1.7223717689565,0.067759497365076,1231.3539314592,37.953544672593,1.4495614762527
534,591.07351922157,-2.4293826544877,0.4496208190227,1230.9308720098,-53.047215302698,9.8798864868423
535,591.08568896599,2.7498580620385,0.63458827404704,1230.6936473309,59.724982074213,13.711459909852
536,591.01645598161,-3.32981818941,0.13158412710479,1230.3319371499,-71.631641093415,2.9134525685571
538,591.01871479026,-1.8654695444339,0.18897829874828,1231.276289038,-41.082697623065,4.2088246157231
539,591.01932922053,-2.5170023647729,-3.7337026474656,1229.856184692,-51.656139673425,-76.42669100704
540,591.03015785636,-4.0554490306671,2.3560736502855,1230.5585694219,-79.17302763752,46.130815744922
541,591.06267417882,-2.6909276045442,-2.2914574567748,1230.1941416411,-57.614401259541,-48.946518508958
542,591.08907382555,2.7381792845007,0.67067211958393,1230.6958590691,59.471853346142,14.494958647129
543,591.02089274913,-0.98497557979792,-0.86282218655916,1231.534097215,-21.822998651139,-19.075234258586
544,591.0090932058,-1.3891519580757,1.5333841836619,1231.172496892,-30.498166056007,33.741487044643
545,591.02448961227,0.34225369911698,0.64688639356996,1231.7088970345,7.6191250856019,14.356298506528
546,591.03006437487,-2.7712682129367,1.5884085283193,1230.4307943938,-59.747774187673,34.336349051497
547,591.0747720018,-1.4583484905819,-1.2455896082057,1231.2572943458,-32.105181959795,-27.360195657981
548,591.02747185874,4.246818640226,1.9899271558588,1230.3922361942,83.746973284694,39.113616519673
549,591.08979757035,-1.5777006335444,0.89070406864115,1231.3131850457,-34.708636975073,19.645700990845
550,591.04141391635,-0.63503508648539,-1.3367954884999,1231.4670264339,-14.066793659642,-29.52753533127
551,591.03101984706,1.9105928503112,-0.42495213974493,1231.2351621837,42.025689081727,-9.3972263422253
552,591.06435355929,1.2992655303901,0.85155392633351,1231.4349060888,28.702947827696,18.765055046112
553,591.0541029299,-3.0351418666527,-1.263348799075,1230.3658033152,-65.355974352783,-27.115417404504
554,591.02607098683,-1.8176951777364,-2.7793916757007,1230.3402429549,-39.177740645584,-59.755888636826
555,591.07417098538,-1.510568911135,1.1825956697372,1231.2570062448,-33.194989678913,26.046837940019
556,591.04286231893,-2.0999991419383,0.36363939710748,1231.1358632081,-46.087323623012,8.0337500234597
557,591.0385565895,-0.55706585837309,-4.2682626038562,1229.8133908447,-11.681910761776,-88.684012284391
558,591.01661196343,-0.59797934117796,-0.95190673370469,1231.6021842895,-13.279329220481,-21.083765110621
559,591.02725166015,-1.0848825971619,-2.1634158181595,1230.9590249992,-23.782297964948,-47.293133132848
560,591.00770298436,-1.5221805731001,0.75394469222674,1231.3658208886,-33.57473748654,16.676192419661
561,591.06448881793,-3.1183172937402,3.3910465036974,1229.9753226857,-62.99070842922,68.667182018344
562,591.09450375252,-4.316569414557,1.5498863222416,1231.4649304553,-80.443810068798,29.003611782797
563,591.08367277578,2.0545863357631,4.0829890366155,1229.9147414703,41.86073760948,82.938815471709
564,591.03515521908,2.6927543993462,-1.7073493276198,1230.4351090637,58.05364593848,-36.901952672788
565,591.01296581818,-1.5916420034873,0.16758062342633,1231.4125258873,-35.149155847578,3.741333442711
566,591.01367368678,-0.74163618909895,-0.018412736374909,1231.7075450498,-16.473280178492,-0.38737831748221
567,591.04930761615,3.2658357084683,-0.4244489635699,1230.3612788691,70.275787013026,-9.215879769468
568,591.08223261317,-1.0706382156473,3.2046320127411,1230.304425422,-22.90373087998,68.816780995536
569,591.03260812961,1.305692301705,1.8111645769259,1231.0764712241,28.67691966668,39.683013295414
570,591.08881896368,2.7306476794984,1.2851119873145,1230.5593701515,59.102685447567,27.733424059938
571,591.04055140692,-1.8866270129516,0.48794457268824,1231.2401944307,-41.493649572731,10.782308206026
572,591.04680960051,2.754426981473,2.0315457971262,1230.2709449035,59.144171497357,43.516858245546
573,591.01734747423,-4.0396327064016,-1.0666893249096,1229.8347690614,-84.551641267051,-22.219806369211
574,591.0945305898,-3.4914647764509,0.11240426671524,1230.2250693638,-74.717076155236,2.4914006160742
575,591.0343893072,-0.03541431589535,-2.1385068007211,1231.1312903898,-0.82957812301379,-46.943599505229
576,591.03238454397,-3.2239758447517,1.2010391235239,1230.2577788966,-69.121837904319,25.840629598724
577,591.03065035178,-4.6888657368597,0.096178517768183,1230.5794055854,-91.505878566606,1.9927303188547
578,591.05017738329,-1.4104880310964,2.9748151852601,1230.3620947693,-30.282550470683,64.05863498867
579,591.00822864904,0.070318536556752,4.0371771497612,1229.8942385086,1.5804417317005,85.012397232852
580,591.0204086774,-2.6803438808382,-1.5368574391721,1230.5039127287,-58.005216456134,-33.170564969935
581,591.05331833097,1.0324178265369,-2.9953072605448,1230.4504643451,22.203126464355,-64.65834481301
582,591.06450467445,-2.5381747696095,2.649230355124,1230.1045808289,-54.014478254976,56.509119156921
583,591.00940001353,2.0645786335495,0.13193983096925,1231.1726556259,45.386823733959,2.8488405419608
584,591.0995907902,0.15035042220967,4.3694160703054,1229.8124395538,3.2160413662708,90.34285982835
585,591.0939112599,1.7992736782097,0.17872093161943,1231.3152357706,39.611100057028,3.8906152558702
586,591.08988555904,0.20499819010421,-1.7056094005555,1231.3569129142,4.4739023187461,-37.585373868586
587,591.04314200687,0.40414544457649,2.9305775502682,1230.5980642812,8.8311503532719,63.503563675343
588,591.0372245473,-0.17875862124784,1.849755079797,1231.2852103596,-3.8917428759783,40.739104163713
589,591.08629176811,-0.30422208775909,0.042148067952093,1231.7773955155,-6.7522737874393,0.9660636405948
590,591.03637261689,2.2222613251682,-0.17883216635509,1231.078716015,48.724722315488,-3.9770969475975
591,591.03120787009,1.5405208043671,2.3118688875717,1230.7227848995,33.562865553979,50.244561024138
592,591.00174283179,-2.2133834382278,-0.45563827896073,1231.0579006591,-48.555702679832,-9.9385101174776
593,591.02632245541,0.061677650222848,1.5872211034591,1231.4176300963,1.4007362326985,35.049519510018
594,591.03079659485,-0.25230270219338,-4.6685391462837,1230.2177773399,-5.1379565464603,-92.931774558493
595,591.08838260361,0.41565830518704,4.5782276643814,1231.4035946363,7.8875649661478,85.629681615251
596,591.08869792688,-2.5901410571426,0.85863992859024,1230.7590976024,-56.304601393622,18.735918672436
598,591.07558252758,-1.1938022051721,0.39962412413993,1231.5557649656,-26.398534416262,8.8685006055016
599,591.03322240809,1.0796879697407,-1.1565553564659,1231.420416316,23.813600027956,-25.564682977138
600,591.01544570109,-2.4664660126837,2.9937642785954,1229.9745026228,-52.164963129991,63.468325885871
601,591.01512257469,3.4027165878352,-2.1549681960735,1229.8979279422,71.623856539653,-45.477606802046
602,591.04732160316,1.8753527209038,4.244756932162,1230.0598826755,37.808710620683,85.29530667622
603,591.04588047467,4.1280734075205,0.24127410780401,1229.8544741456,86.527571904873,4.9549147205091
604,591.09240132587,-0.36760137852032,1.4827960136696,1231.4474752358,-8.0777647894906,32.734411103427
605,591.04222457899,-0.13889878532619,-0.41423039099686,1231.7571930744,-3.0880668628444,-9.2068011465132
606,591.02074365644,0.76363699106843,0.9451880858,1231.5716577287,16.939600285099,20.917755524464
607,591.05056265762,3.7183685573298,0.9180040771304,1230.0058814373,78.871054782152,19.374939898895
608,591.03349991584,-1.7029415728353,-1.5806312072592,1231.02177535,-37.338021598639,-34.577749407157
609,591.0558728661,1.1027880572288,-2.8456753796677,1230.5322531021,23.783130028757,-61.580381787748
611,591.01320133245,2.2651377411444,1.4751519965459,1230.7730492481,49.377544089339,32.076913120069
612,591.07770111491,-0.4225190674991,-1.5795934202812,1231.399352624,-9.3562233648832,-34.826957707193
613,591.07442169086,-3.5070825481781,1.4548806665271,1230.0237280344,-74.385852864476,30.959892676527
614,591.05805868414,4.218185885225,0.88487820370748,1232.5909699247,73.527280767648,15.315232961336
615,591.00706528295,-3.3412763255487,-0.12328393055853,1230.3240586082,-71.875710147482,-2.5686712655406
616,591.03068350146,-2.7276429239676,-0.52952561948511,1230.7224426677,-59.338612752219,-11.44982681127
617,591.07144924479,-1.7823506122171,-3.1960865281276,1230.1112180926,-38.061691123804,-68.06595400422
618,591.0804989699,2.5615773307153,2.9854432896118,1229.9471335936,54.177349295334,62.992925987664
619,591.05779801618,2.9268390672354,-0.85735635894244,1230.5338518631,63.287872608813,-18.617742618422
621,591.03641947499,0.87565320724798,2.8326464137099,1230.5934000724,19.047760758249,61.368994578742
622,591.04331553351,3.4034913524487,0.39986467527603,1230.2677265779,73.024624375761,8.4941458574498
623,591.07101144857,-2.9235821586816,0.20844403901176,1230.6179938991,-63.359160795348,4.5902550530685
624,591.0583501094,-3.4993598121599,-1.5299449400343,1230.011046944,-74.259582341113,-32.364145381327
626,591.0290372096,1.2057467902794,2.4042029480048,1230.7825386288,26.32295707383,52.336984438997
627,591.01089471652,1.2748067720354,2.487852471777,1230.709655091,27.790031187377,54.080801360026
628,591.01599714284,-0.58265471970943,-1.0712993192839,1231.5701418039,-12.934968801456,-23.716881692269
629,591.08677485746,1.1573339487446,3.9079593552001,1229.8768842947,24.40066850058,82.03945379121
630,591.01606090616,2.7900705680593,1.8230839033894,1230.3316008003,60.068193652939,39.150817286247
631,591.08563068329,-3.8058169940235,1.8525651553997,1229.8255485471,-79.298014108339,38.716149225402
632,591.05764234909,1.3090862163535,-1.2932840792389,1231.2960806569,28.790883481041,-28.508394844363
633,591.06649119938,0.21528219193657,-0.7579628922173,1231.6990264875,4.7546723248255,-16.821183115309
634,591.00099193032,-1.120081679227,-4.0507813557178,1229.8299917106,-23.514096056455,-84.648084750684
635,591.08450033182,4.4697327056333,0.94839967945935,1229.9130171906,90.8917163522,19.171189316468
636,591.07303310214,0.83243035912773,0.28289609465754,1231.6730268719,18.462354400397,6.2529446953007
637,591.07035936086,-2.9234605099148,0.21851418210306,1230.6175437725,-63.356198366621,4.8084893115768
638,591.0286363489,3.7421664253639,-2.8132966982495,1230.2636973854,74.211900864827,-55.936223580459
639,591.04632860837,-4.4255423282536,-1.4022880886176,1230.0689979647,-88.973613364667,-28.072546744707
640,591.06359287456,1.2660662743821,-0.90138306297148,1231.4345502981,27.925700503175,-19.93037106256
641,591.03887891734,0.96158263163342,4.5787225469216,1230.7885436351,18.678291642608,88.37940836537
642,591.083280929,-4.0471268337042,-0.52352479672222,1229.8740230615,-84.989180218784,-10.892409867758
643,591.01603729421,4.2211600739606,-1.005521474308,1229.8062149562,87.529907323264,-20.960486733833
644,591.06845133685,3.5188559952535,-0.23861202171487,1230.1998272214,75.268626427855,-5.1913257701002
645,591.02747820205,2.2266781800592,4.1278315260228,1230.3976160674,43.972997758824,81.274120452944
646,591.06719452945,-3.0494657090902,1.1862979346699,1230.3782707736,-65.611967698071,25.611002356839
647,591.04244421329,2.5496942047155,2.8731038401473,1229.9991302461,54.123342601583,60.845667608349
648,591.06753223843,0.55523649042409,1.3458967707397,1231.4760913689,12.301076255492,29.721520948281
649,591.07086143295,4.5828909264831,0.33381493362886,1229.9477632771,92.860039302935,6.6507459350023
650,591.06430392154,3.1313107602796,0.96080574131349,1230.3755627524,67.425095455727,20.603817364662
651,591.05079906128,-1.7501777697593,-0.58788110904865,1231.2922721555,-38.5520222284,-12.901106971348
652,591.08198795666,0.1413777704654,2.3683114761887,1230.9919203248,3.1494942572077,51.786407931905
653,591.08459106389,-3.0077615092937,-0.29585977167283,1230.5558189493,-65.072365709896,-6.3262006132238
654,591.07423594459,-3.9622407793474,1.0303294857963,1229.8670360129,-83.135016885985,21.722455764657
655,591.0322399435,-1.7444169640376,-1.7995050732393,1230.9054168767,-38.150772889455,-39.265693997151
656,591.04274713847,-1.3919064747358,-3.426369780688,1230.0842293013,-29.726766419938,-72.934620668122
657,591.08350003172,2.3985333000279,-0.55555571895292,1230.9359934813,52.368014316262,-12.192532553788
658,591.04834082166,-2.2325172532892,2.5917082735769,1230.2723659401,-47.833729046642,55.659597542257
659,591.09716973178,-1.375894486555,-0.85042757485556,1231.4068824516,-30.360255618347,-18.717326819841
660,591.01849048838,-0.36784262548119,-0.74858481421802,1231.6858686655,-8.184886418146,-16.607459556636
661,591.02108238873,-0.35840767102206,-3.4357860865499,1230.2475287572,-7.7714561091554,-73.674217350731
663,591.0472180164,3.2016588887959,-3.1017033876251,1229.8301655745,65.751675138611,-63.851746316831
664,591.00509694834,1.2178349754209,-2.3203467301707,1230.8302529891,26.510120960427,-50.650778569833
665,591.04450885982,3.6773766102736,2.5275025542899,1229.8309323831,75.645422182864,51.858511889271
666,591.00841827569,-3.141009740859,1.4750751399266,1230.2364418706,-67.312953085142,31.706823058835
667,591.01789284254,1.5938598156896,-0.082848084200275,1231.41435907,35.198547210227,-1.8694284206394
668,591.05419344256,1.1835432403802,0.040992018378444,1231.5814807014,26.207264481946,0.87785857970669
669,591.03575707167,2.4908860687369,0.72481817582121,1230.8476669946,54.354816909895,15.750359513276
670,591.09205020874,4.441271871833,1.1615109269757,1231.4429354456,82.9450994066,21.576377441893
671,591.03934600073,-0.28151941614179,-2.3932786133952,1230.9658966144,-6.2166776356075,-52.336951216392
672,591.02655921383,-1.3176832392727,-0.47040326941303,1231.5011031874,-29.158023804911,-10.37137972652
673,591.03849267955,-3.9879601564442,2.0241840605973,1229.8347726481,-81.84876055717,41.668110989509
674,591.03415919563,-0.66373173657332,2.4150322312647,1230.9066964795,-14.438537034575,52.771211409538
675,591.08854068738,-3.6647046576003,1.398995634655,1229.952198497,-77.387279909563,29.645928191064
676,591.06681655308,2.1239800799203,-0.86749977340582,1231.0387254494,46.489583589397,-19.049448772354
677,591.02501359782,-2.3062881321092,0.33753584339601,1231.0175026892,-50.507208949711,7.4507772676324
678,591.05195085182,3.6354697312189,-0.60754460985521,1230.0926295001,77.422746026688,-13.030685648795
679,591.05640430514,0.80142961282103,2.9441895115778,1230.5326909968,17.408311218934,63.664186719559
680,591.08010932548,2.1715804930743,1.3475704789148,1230.8726551078,47.396695798421,29.337712020286
681,591.04221806441,0.14156822707483,1.8485128573077,1231.2877375216,3.1622609318841,40.702229547626
682,591.09015582891,0.11948164502789,-4.3857942273067,1229.8139309844,2.3602801191165,-90.604704682435
683,591.0344043345,0.34169191883835,-1.9241326328552,1231.2369661469,7.4694294508133,-42.341628203624
684,591.09978201837,2.6057319652541,-2.1177257119992,1230.3183007236,55.895563367989,-45.534204182718
685,591.09293125864,1.0552290355116,-3.6206615391235,1230.0403725746,22.316453513262,-76.902027629623
686,591.01339992101,-0.67512117027972,-1.655348942588,1231.32436766,-14.927258464434,-36.48197779379
687,591.07396629691,4.4848646300233,-0.97349724023793,1229.9395704971,90.908806247075,-19.848163005624
688,591.042952178,2.2329138948957,1.4779876690205,1230.7910849697,48.670224066442,32.135451119301
689,591.05727236351,-2.6468450593455,2.9542666686851,1229.9281432768,-55.78165088021,62.406587173937
690,591.09709659867,1.672062068055,-0.89756515288738,1231.2668295323,36.74614153585,-19.779268427736
691,591.04827133312,0.12638080767218,1.1830159005878,1231.5799825676,2.8266227009693,26.193479091495
692,591.00129796198,0.34399524932413,-3.3326700419028,1230.3193576474,7.3159252645371,-71.690649276876
693,591.03239839713,2.2748485939859,0.47742686516199,1231.0212271337,49.83721441869,10.400521133044
694,591.02055483144,2.7046252842284,-0.98917390487212,1230.6537075779,58.703562774186,-21.545722719407
695,591.09090060638,-0.89382616766659,3.1192891884648,1230.3984623698,-19.167110143649,67.17931790459
696,591.0413541122,-3.4320069383167,-3.17484714979,1230.8293214478,-66.19754435478,-61.080597605713
697,591.07293714731,-3.0144266581498,-3.507470560382,1231.2219873007,-56.994127708709,-66.141262362904
698,591.06167032607,3.2438952422607,-3.0226181549083,1229.8220937388,66.735877566401,-62.332503842445
699,591.0461206177,0.62290953365333,-1.8411700998534,1231.2430658812,13.657106971915,-40.519782465461
700,591.07488541261,-2.660277215674,-0.65880672976228,1230.7513187094,-57.869941551199,-14.261166030976
701,591.02933902001,3.7731957472878,-1.7515373746169,1229.8424678622,78.962868160495,-36.768583904517
702,591.09215670935,2.6455734666347,-1.2148636336484,1230.6329699246,57.311459580142,-26.396833078485
703,591.06205605375,-0.9107458614694,-1.1423591551919,1231.474095929,-20.150914103432,-25.217754453756
704,591.0953755052,0.88669955193739,-2.0888870977436,1231.0543176767,19.36197859635,-45.756116575395
705,591.00256103422,-0.27260526663265,0.38497697398763,1231.7566068854,-6.0450782238589,8.5724131124753
706,591.07444565317,-1.9428239896272,1.023697603041,1231.100461219,-42.56618836892,22.489022377353
707,591.01888722584,-1.0980751008988,-1.4044629757554,1231.3268624786,-24.246042910813,-30.938095210009
708,591.06356041649,-0.061883227598075,-1.552958071949,1231.4345351505,-1.4055711705792,-34.280239663748
709,591.01754587558,1.8119932899069,-2.6480515221228,1230.4200888137,39.022151559286,-57.168098897429
710,591.0906708757,-1.7880189114812,0.28755034653799,1231.3136211701,-39.352892165106,6.3733414552086
711,591.04381238398,0.95271747234759,-1.1296486404882,1231.467844016,21.027039791578,-24.987488705258
712,591.02753332642,4.6789302476315,0.29320589342989,1230.3562266467,92.427013069287,5.6759154986449
713,591.09268297877,-1.6199887215761,-0.071341653692382,1231.405271148,-35.724486525645,-1.5324941711532
714,591.04908746872,1.9053310524473,1.605727297976,1230.9163687337,41.657400474694,35.026691594508
715,591.00154114607,3.360421406465,-1.6725950376094,1230.0478600731,71.450458187984,-35.666841763204
716,591.08714945863,4.3904324648763,-0.12858335135089,1229.8131212339,90.667345666906,-2.7636481572348
717,591.02133765242,0.37942935147891,-0.84770314053063,1231.6629240121,8.3995325320359,-18.816938366731
718,591.01062945409,1.3959442199201,-1.3980284877522,1231.2237930014,30.683395206897,-30.797803768778
719,591.00968946482,1.9548735685833,2.2643345637653,1230.5751188915,42.421922517237,49.023478407463
720,591.06577762002,-0.24647061749318,4.629781358441,1231.1559896536,-4.5583158372522,87.76560532416
721,591.0054514246,1.6998336948322,0.57599897575707,1231.3207202245,37.495940020235,12.659419479213
722,591.02309961133,2.6809356730349,0.27176184769167,1230.7789573576,58.40287214016,5.8526824605522
723,591.05048155627,-1.733407262591,-2.5188398803054,1230.5277950648,-37.555653310928,-54.439313476922
724,591.02773677196,0.25586723304299,4.6802542481714,1230.3461724455,5.1733694121069,92.507210460594
725,591.06552767405,0.83030362659303,-3.296430241149,1230.2887451108,17.737208588635,-70.763534712786
726,591.03733018526,1.4472534006408,4.4514201118761,1230.7601947084,28.098585120341,86.051118960492
727,591.07831166454,0.42337555571904,0.25597068570233,1231.755546836,9.4017815416899,5.6788260073718
728,591.01817991843,3.3358593497683,-1.6717767197208,1230.0639135424,70.960426433092,-35.665754652852
729,591.03610322217,-1.9132474312391,-1.7515166739093,1230.8478474541,-41.779144902402,-38.161242717754
730,591.07212478937,-4.6252610502715,-0.097536349419611,1231.2143583476,-87.36617580411,-1.7281776345037
731,591.05052555049,0.29869137027152,1.7282786135917,1231.3399013126,6.6257487368256,38.086847320754
732,591.08231568601,1.8570108804152,-1.4761569604052,1230.9921257501,40.572719612537,-32.325696428704
733,591.03446951092,-4.3497846540264,1.6869760944402,1230.1494758635,-86.890949896171,33.822006418097
734,591.08255920559,3.1552613107323,1.2072844299393,1230.3046903,67.7606628735,25.83831676927
735,591.02428882932,-3.8165386788841,2.1123002512529,1232.3989999537,-67.366957022416,37.408684803089
736,591.07626569768,0.93563809624706,3.5310849187289,1230.115857001,20.028469631338,75.235282473181
737,591.01717309841,-3.7471479814284,-0.99314350105337,1229.9760264488,-79.392927890341,-20.942841287898
738,591.05176342622,0.70344948341993,2.2935074856654,1230.9731757085,15.441760897538,50.141466010095
739,591.07626904018,0.87948365538539,3.1408467012462,1230.386736925,19.009999455485,67.591990072836
740,591.08484130272,0.56753111876785,2.6724714215143,1230.7569339992,12.407774592847,58.102861155215
741,591.04726590952,0.87442579800938,0.22859684956199,1231.6687135725,19.400333363922,5.0460669718742
742,591.01612119666,-2.4919646478147,-2.4011956458351,1230.2431204847,-53.498110835187,-51.430100354655
743,591.02384402718,1.7852166139523,1.1948552956015,1231.1257007559,39.221522933132,26.187466148432
744,591.00096929448,-2.3146886222348,2.7751572671389,1230.1403887155,-49.379078694026,59.34220439232
745,591.08841135288,-3.8466870787286,-0.7691865264587,1229.9521113674,-81.2850077406,-16.155245695617
746,591.09245404936,2.7103144944756,3.0328299950353,1229.8816269528,57.007644009882,63.640954569216
747,591.02188670493,-2.4679696538941,0.83736881200216,1230.8403232116,-53.818258105712,18.328239939921
748,591.03900970434,-2.4037984469958,-1.187479303749,1230.7886495895,-52.38575699691,-25.804124447619
749,591.06492432588,0.44099182630461,4.5848527520602,1229.9726185704,9.0338486109714,92.73967652257
750,591.09766965066,-0.7858374554604,4.3039887129303,1229.8137078235,-16.140093364897,88.996660644768
751,591.04073408727,3.2553078464974,-1.4474901390171,1230.1737276312,69.562048300266,-31.027064432071
752,591.02901460698,-2.4942532422702,-1.0063903465882,1230.7825249138,-54.353638109836,-21.85840376362
753,591.05543597938,3.526531727029,0.34844003251932,1230.187266856,75.428282791997,7.3644927124499
754,591.06066215211,-2.8878350383433,0.55724972289093,1230.6105615955,-62.574351792785,12.148482202137
755,591.03586007294,-2.4943115742282,1.4117373086895,1230.6633509428,-54.12689781948,30.716943331793
756,591.01281529455,1.5851911149852,4.0447540863918,1229.8064526722,32.970328325696,83.833043249668
757,591.06239006508,1.3486769763738,0.56090408403675,1231.47421375,29.812499796493,12.359714548521
758,591.09565440923,-0.0014529470617796,-4.5494097937778,1229.8852531563,-0.14115797454588,-92.691884247445
759,591.01756320661,-1.9940496340732,0.52342224385896,1231.1768777219,-43.81810875413,11.555505506712
760,591.02078336526,-1.7505798604409,-4.1461471150657,1229.8539051241,-35.972093103147,-84.911103378936
761,591.08460024379,-2.1336508808125,-2.1404764132238,1230.5558266347,-46.208614272127,-46.251174452812
762,591.05025819535,2.2428826252709,-0.8548805041535,1230.9722832768,49.030785697446,-18.752402313054
763,591.02008267474,1.2263398531198,2.4023422629275,1230.7771467089,26.772221323159,52.297877703902
764,591.09189238598,-1.8167323240952,4.1781006264957,1229.8933090729,-36.887232516389,85.112738986705
765,591.06564657292,1.9115699739089,2.2287459925146,1230.6141488556,41.485096775962,48.256837006907
766,591.08777789779,-0.58638485390888,-2.1991142728692,1231.0500420254,-12.893593123245,-48.135356094879
767,591.02936501015,2.4719035822433,0.42816780533042,1230.9035088337,54.008774262662,9.2914422433845
768,591.04356963824,-0.83739792176306,-0.97926762660426,1231.5424474456,-18.556132633771,-21.64888703191
769,591.08274349181,4.0790236336891,0.14595625560485,1229.8735891166,85.647401344196,2.9638523423736
770,591.00408012218,-3.8345612259233,-0.68203928115452,1229.9641557728,-81.203201937023,-14.345634316515
771,591.03273365234,3.8153801325376,2.69331286692,1230.1909445866,76.17913189802,53.634838204167
772,591.08985240503,-0.00070750861509118,-2.4565555384583,1230.9392345125,-0.07659052622556,-53.647177964751
773,591.0593336696,2.4854289994133,-0.95849614088415,1230.8012512092,54.107483610761,-20.936538513282
774,591.09661958702,4.4845706206848,0.94359011035566,1231.4814294445,83.541126410016,17.462275809332
775,591.05050082304,2.4700793748436,-2.1760438647242,1230.3623991559,53.106949823476,-46.894020610679
776,591.06330434796,-2.6128221507892,3.1724093385296,1229.8603654287,-54.734574871186,66.61584568397
777,591.045893392,-1.8511001799791,3.3603814832337,1230.0024580787,-39.164318006265,71.292576332296
778,591.08324960011,3.7662928013415,-2.5912270748536,1229.9156755382,76.480489683467,-52.754924223613
779,591.04235660533,2.142907454604,-3.3634211649931,1229.9153962049,45.108015994173,-70.983224762527
780,591.06400772865,-0.99450079078232,-0.42054935995658,1231.6175867629,-22.040539325524,-9.292381405283
782,591.00137815959,2.9364256079019,-3.2259724403402,1229.811328328,60.747159521625,-66.897489208898
783,591.05781369696,-2.6578964349262,-3.3483907352097,1229.8111370544,-55.3945254448,-69.616267473845
784,591.02706025602,3.3191685333743,0.065896380335447,1230.3411076925,71.417039997092,1.335927693815
785,591.01111936205,0.53722947946446,-1.5093392428913,1231.4118571151,11.827428031519,-33.349829552548
786,591.0476559415,2.344496590537,-1.086267364099,1230.8540131136,51.115058758873,-23.75357094034
787,591.08049155256,2.1548915610111,-2.2812163980489,1230.4742919466,46.452759292496,-49.288099409854
788,591.02318186009,-0.4340951244937,-0.81906809768826,1231.6633687514,-9.6493502927606,-18.162966950109
789,591.03852346981,0.50394860356651,4.6299133105297,1230.1141453957,10.206832795054,92.713989119782
790,591.07099598115,1.1570409855229,-2.3884540719623,1230.8086036612,25.140580727207,-52.046013119014
791,591.02429329642,1.6643807259508,0.25342616111412,1231.3742564849,36.732202861755,5.5513933056947
792,591.06404614875,-1.0689404472206,-1.4909142259611,1231.299649892,-23.572440916435,-32.798500376074
793,591.02812240147,4.0796079226952,-2.3158551569417,1230.4671720279,80.053245176321,-45.576716288443
794,591.00969217063,-2.122494453096,-1.3690296580072,1230.8907900335,-46.403079236144,-29.85577445267
795,591.03120947748,-3.8862491078786,2.5971858342896,1230.2117920754,-77.33707950892,51.823232100966
796,591.08521853159,1.2799124432182,-1.7725994877001,1231.1058959998,28.012767520617,-38.888100168328
797,591.07972044276,-2.3472922798177,0.35848679435353,1230.9904906283,-51.321815145078,7.8968552378979
798,591.07573499979,3.9193224478855,-1.1755881780236,1229.8681377646,82.235939871122,-24.771754531434
799,591.00185186046,-0.7941123649783,0.30311983578342,1231.6807249873,-17.62286509558,6.752178411134
800,591.09073640849,-0.46127931512257,-1.4579802108489,1231.4467582679,-10.215459123349,-32.167366799645
801,591.01728333552,2.7397117111084,2.5349250051207,1230.0629845194,58.37501179156,53.885268213221
802,591.0140079286,-0.69800839845785,-3.6711834483873,1230.059674011,-14.946386565133,-78.113742975879
803,591.01671199312,0.43547014473126,1.0362722834401,1231.602221087,9.6794532477852,22.957976590547
804,591.03078200435,4.4552053218119,-1.4644197574946,1230.5888453335,86.872508736244,-28.676601523185
805,591.08532448561,2.526615994521,3.8468556384383,1231.3657721699,47.432541859527,72.011016832234
806,591.03435789419,2.8089950852167,2.2547842651423,1234.0041350941,42.044362805296,33.634745288998
807,591.07248415752,3.9697274286532,-1.9350135813794,1229.814325135,81.80832346521,-39.997967255712
808,591.05243980126,0.7532109419933,0.27391925310252,1231.6955794045,16.720121459519,6.0575966478497
810,591.02835463549,-2.608855132078,3.4435231522866,1229.8086817336,-54.08348187294,71.563894913673
811,591.09902497936,-1.0614760551034,-1.5710182799205,1231.2676439021,-23.380815958823,-34.519488095922
812,591.03460051907,0.73885092021299,-4.6260471916621,1230.7132535411,14.210504421823,-89.709240011224
813,591.03313286263,-2.7791891021752,3.0875630463807,1229.8452804565,-58.129881460533,64.733721446968
814,591.09923170812,1.7100333875212,0.81848084689185,1231.2677327702,37.623421742089,17.955191511085
815,591.01134152485,-2.6591897322501,1.3665051663595,1230.5762786995,-57.59549857481,29.680914666397
816,591.05018446128,-3.2633670715994,-1.0177983719151,1230.274079774,-70.041834099573,-21.756289235492
817,591.0419968659,-0.32357338407929,-2.2933012960625,1231.0260030157,-7.1431189468413,-50.219138947403
818,591.08438108086,-0.90755514764896,-1.3528611410625,1231.4021663883,-20.047348675585,-29.812523793462
819,591.04037565926,-0.083435577198489,2.9598510858341,1230.5961286925,-1.7351875551793,64.149840767962
821,591.09373885749,-1.4272274916222,1.1103603699629,1231.315150255,-31.390238130657,24.47651889856
822,591.07031348431,0.7069170840269,-4.5413463834208,1229.9494627323,14.209132639022,-92.015453603183
823,591.02842915982,-0.79992884768436,4.6138954498522,1230.277149392,-15.753816683334,91.544847682926
824,591.06443156074,-3.7557899742995,-1.6648274355973,1229.8608983936,-78.834934945099,-34.834769244009
825,591.02858753005,0.091233639415932,-2.6884487433727,1230.7822654153,1.9200983800666,-58.560756904055
826,591.05184876427,-3.2063487110587,2.3483614029796,1229.923527843,-67.587583442421,49.623110776086
827,591.04808463337,0.81668483355395,1.226873589955,1231.4692795323,18.07664186232,27.092205958536
828,591.01539834118,-0.3793987183767,-2.6744771448309,1230.7743564771,-8.3306180524486,-58.247743789036
829,591.03001741952,2.4352542549313,0.90835244929287,1230.8446403662,53.146550543286,19.755570735292
830,591.08243187872,-4.5268416736224,-0.64903976165616,1229.9175594917,-91.997751070305,-13.077026448546
831,591.02970239165,-1.1647682669944,-1.0755067859388,1231.4189784132,-25.747017555839,-23.721727913073
832,591.06113332987,0.63991141604076,0.98885835721914,1231.5832057546,14.193579246268,21.876929275318
833,591.06614310787,2.6072408539292,1.7748325890401,1230.4615766055,56.308973990891,38.236870722213
834,591.04474586737,-1.2125801855576,-4.5097232424053,1230.8903097947,-23.410995020955,-86.623204227993
835,591.04515658302,-0.42207666257442,4.2736149142414,1229.8130219874,-8.6699181057416,88.864626895172
836,591.02388517514,1.3187075759331,4.1212515165223,1229.8072810199,27.472620886619,85.506768795459
837,591.03317805192,-3.5352129739716,-2.8063441804459,1231.7983672396,-64.838893425871,-51.328437266491
838,591.01539940301,2.6824412177972,-0.31823826645579,1230.7743571031,58.422738537683,-6.9985799549053
839,591.05199931323,-2.6717687330272,0.69349317623757,1230.7366722812,-58.090096144907,15.148627633897
840,591.07996674575,0.31070826848165,-0.49637026197942,1231.7379801137,6.8797363665806,-11.025023449106
841,591.05338659998,-2.2435685370114,-2.9219618488554,1230.093978632,-47.862991571074,-62.186180332886
842,591.06072634611,-4.0414531805176,0.76703376948003,1229.8593311229,-84.75337545023,16.188383147152
843,591.0681565075,0.00031317044131063,0.88383972256181,1231.6722032481,0.028510247541771,19.596983784586
844,591.00302070997,-3.094747808552,1.2782411811611,1230.320757347,-66.534294945001,27.571309923412
845,591.00423989633,3.0943258733606,1.2754790363705,1230.3217451989,66.589921424733,27.358113833362
846,591.0064495484,1.9804144462258,-2.5408491256676,1230.4108323281,42.654039769489,-54.855279262317
847,591.04372777077,0.99892843041701,2.1888380438616,1230.968427234,21.901877838842,47.84653301592
848,591.07892572589,-3.0217582094528,-0.85287216085151,1230.4729014609,-65.238332559774,-18.332955463765
849,591.02277286205,-1.9664232147911,4.0815202910004,1231.7215877859,-36.092627696667,75.171055811048
850,591.08325125622,4.33565899073,0.92280071633155,1232.145007531,77.805750234398,16.448060163848
851,591.0957948501,-0.8317235500838,-3.0082226333247,1230.4860153499,-18.027190226952,-64.913384743452
852,591.03420688657,2.1199464023576,-2.7068141545829,1230.2594243024,45.405599621315,-58.112556833895
853,591.08227445692,0.16258379434718,1.5283522211527,1231.4430785292,3.6257988861134,33.729693733501
854,591.00483063681,1.5749735045469,1.0402269461224,1231.2700934803,34.719603613764,22.874121948604
855,591.04877199808,-3.6511992026066,2.2501148303746,1229.8117985213,-75.878436199912,46.885768475464
857,591.0399355398,-1.7193259515134,0.91843974225182,1231.2398742109,-37.802364771723,20.249108356471
858,591.00590857099,0.48169941813498,-0.44380447509167,1231.7262884344,10.695158373625,-9.8700702696274
859,591.08797832054,0.87712292938752,3.9784272065374,1229.8778791157,18.518966177869,83.531087839514
860,591.03049617794,0.29499957191438,0.76789855380564,1231.6894459986,6.5645544974073,17.036756958057
861,591.09824668751,2.9579331151122,-3.0008327708394,1229.8300051798,61.643574214471,-62.685201525085
862,591.08920820652,4.3385508476867,0.66331622878564,1229.8136516185,89.633706012339,13.594664638032
863,591.06796549431,0.36968956893399,0.69423142912819,1231.6993680533,8.2205902832969,15.390735854411
864,591.04602798185,-0.8756251536252,-0.80852474510704,1231.5793528584,-19.408997418885,-17.883965548286
865,591.0576406169,1.3760890796018,-1.9587572004067,1230.97670298,30.045609009146,-42.871492314673
866,591.0329937761,-0.43389066001765,4.6492249624426,1230.1836139451,-8.5440731156372,92.788117706266
867,591.08504162723,-1.5914371919648,4.2820643773959,1229.911940323,-32.252808068723,87.103611905442
868,591.0650602341,-1.156788043852,1.4226763552541,1231.3002113363,-25.43296405339,31.352002608527
869,591.06447284351,2.6464077969731,1.7192919581998,1230.460118561,57.152073279142,37.036750400581
870,591.04218497349,1.5857251851071,1.5598793710327,1231.0821453734,34.809196104925,34.163676100069
871,591.02790834888,2.8829700268885,2.5690781997167,1229.9856336639,61.150606854171,54.364318034827
872,591.06035836417,-3.2265956156309,1.7581346370446,1230.1006360849,-68.697716841156,37.536153344948
873,591.08689851051,-0.62112617469484,-1.4012377180491,1231.4451010259,-13.7426930037,-30.911975495015
874,591.08656999559,1.4922157382367,-1.4669663287902,1231.160439847,32.711306314007,-32.22957399242
875,591.00086831513,2.2596520170813,0.064040517697411,1231.0573911448,49.56105681598,1.348706738915
876,591.04411856817,1.1269594746452,-3.5204734956426,1230.0854428098,23.914130020119,-75.00294930017
877,591.02824541978,4.0683236872403,-2.3216627305425,1230.301128102,80.560401581152,-46.106777392128
878,591.02921765119,-2.914506038908,-2.0744686490486,1230.163399981,-62.348470236474,-44.269467536754
879,591.01939353413,1.4891405778205,-3.900391029375,1229.8359666198,31.066136027928,-81.657949435177
880,591.01811934717,1.7957760873991,1.348064492284,1231.0676387546,39.414746024917,29.519227828089
881,591.00355624028,-3.1278484419559,-2.8013307612326,1229.8301423776,-65.463049429401,-58.489791250637
882,591.04442535921,4.2937856852858,0.12248336332475,1229.8132974326,89.271619002697,2.4403080867404
883,591.09227429293,3.3171188421486,-0.57553218551993,1230.3123104563,71.200847543339,-12.437715858518
884,591.03324818315,0.16046207600085,-1.6677146831201,1231.378684622,3.4984452768778,-36.800560820909
885,591.03346222609,-1.6325312475131,-0.68260304198382,1231.3332610458,-36.006957187107,-15.00716294228
886,591.08365819424,-0.71747994851995,-4.5491000236798,1231.3453909194,-13.566530606012,-85.287646002604
887,591.09127907384,-0.71980222227567,-0.47369276842421,1231.677364751,-15.966191476939,-10.482416464012
888,591.06232678394,-0.6199594006598,-2.5880883846294,1230.8031255584,-13.565734969517,-56.351326875726
889,591.03535348798,-1.3367261048236,4.4676711647323,1230.1361111834,-26.623451142363,89.382468981545
890,591.05946046699,-0.27720777926988,3.8075720014532,1230.0118257309,-5.7859547849819,80.768669169776
891,591.00443354041,0.24924797976018,-2.2436404301168,1231.0594623708,5.4112357877417,-49.2134305234
892,591.06963044473,3.4398448199572,1.939183249713,1229.939128972,72.673217433565,40.857042096057
893,591.01249116369,4.3130200510521,-0.52449843451293,1229.8065024251,89.419429420059,-10.982085183488
894,591.04008348654,-1.5040423020656,4.4285678749234,1230.8081869513,-28.898286906175,85.446735100057
895,591.06072322527,2.5151898327409,2.8696431490929,1230.0127216937,53.422142087766,60.807850783252
896,591.0977209624,1.0361883904492,3.196459225819,1230.3166383402,22.326374166181,68.603965673927
897,591.00148515761,-0.061502020893677,-2.1672153465557,1231.1141004979,-1.404958732815,-47.584476048863
898,591.05565385693,0.57543456694466,0.19740294112993,1231.7343726571,12.778993851546,4.3712848738104
899,591.06249855206,-0.58248833469134,-3.7686777258313,1230.0140185905,-12.449255817783,-79.929825927204
900,591.04055141781,0.17460262811364,3.4258728999516,1230.2651911864,3.8300291502832,73.487212757224
901,591.08522032671,-2.591666507436,2.754252118731,1230.0334665542,-54.946554595246,58.529462552707
902,591.08961528279,-4.5367899451122,0.45938301347288,1229.8995563488,-92.320615175532,9.4604012126849
903,591.01173271455,1.9730449912446,1.2626217248936,1231.0101172435,43.250340757516,27.607676230475
904,591.05056472328,1.9762011035486,0.47476387495947,1231.1922790297,43.440345267411,10.385042074651
905,591.00367136898,2.7071799302715,3.4158638397456,1229.8097839038,56.174852031588,70.706785169649
906,591.06103870971,1.2770603808585,-1.4474076487326,1231.2505820042,28.054986144476,-31.869499893897
907,591.02877635072,4.4539398679934,-1.4729785347247,1230.5219222864,87.162904609591,-28.948310363911
908,591.09333765598,-4.3571693086874,-0.46779986502615,1229.8150231717,-90.050471748452,-9.559708855156
909,591.09299059077,-0.024038786887037,-0.85969482555166,1231.6779171685,-0.55424115073026,-19.054618377294
910,591.0353947427,0.2006859925509,3.5638339099151,1230.1688864625,4.3779776152957,76.180878618082
911,591.02582596044,-0.79609432544984,-4.4214206891997,1229.8470424517,-16.432070226553,-90.63411815277
912,591.05827938689,0.9966821457375,0.93986052897693,1231.5136003281,22.060574393079,20.757317605433
913,591.02257153094,-2.3945779068685,-3.4141406823132,1229.8379097081,-50.203579731349,-71.399730027474
914,591.08675346631,-1.6062251705968,2.0958759421676,1230.8186399084,-34.928633515831,45.684049519494
915,591.03219291163,0.088438728887655,1.2960005255282,1231.5380257311,1.9883440269013,28.681159909542
916,591.04595486433,1.3438943832751,0.31913312821031,1231.5089112102,29.727473016967,7.0234241656772
917,591.09486707435,1.7316717985441,-4.0228422241732,1229.8151318837,35.690684422526,-83.185251876348
918,591.04009893515,-2.5204481937204,-1.7505932350694,1230.5193302293,-54.557548428429,-37.801456741506
919,591.05151866599,-2.1010501867846,-0.70499904399176,1231.0875844796,-46.084382138529,-15.405248295207
920,591.02358280616,-1.5351165381183,1.3681255400733,1231.1799184035,-33.707871972506,30.1104375111
921,591.00487494973,2.6030038382592,1.2655681737477,1230.6421091435,56.550916067751,27.415315914994
922,591.08519909594,3.1930897694795,2.2864026400174,1229.9500068085,67.507935526009,48.219713827388
923,591.03432763331,-2.2672728619722,-2.7587011574274,1230.1679338996,-48.535587093016,-58.916967004044
924,591.07471533281,0.99988610547906,3.1064940546027,1230.3853514138,21.600869786108,66.848616399271
925,591.09912848207,0.68203692146298,3.2885615539457,1230.317774444,14.725148543647,70.591499362084
926,591.06103193679,-2.1792887972707,-1.5294112427988,1230.8023115574,-47.500895307038,-33.255953920254
927,591.08658831273,0.15780703193224,0.26317498583416,1231.7773831049,3.5307014590567,5.8291870570065
928,591.03239101592,0.77558186763402,4.6229701038143,1230.6660645196,15.187432702361,89.828030429574
929,591.01313806744,-2.6359095453747,0.5993293513113,1230.7730116501,-57.40269011009,13.120278446823
930,591.00756558973,-2.8707486189237,1.4589255250507,1230.4117503542,-61.885987387046,31.540724651505
931,591.07439150822,2.5213054757565,2.6468048640837,1230.1140429754,53.799583251286,56.346617069486
932,591.0225551627,3.3522064164087,-2.9987330612473,1229.8512702917,68.628097318584,-61.541119976784
933,591.07229533167,-0.95454303881248,-3.82787426007,1229.9415150262,-20.24981620729,-80.802452033291
934,591.04468218684,0.15830906346343,-0.50055026880121,1231.751963453,3.497242524103,-11.123526225764
935,591.07455413692,-3.5789736496991,0.7428950419896,1230.114199895,-76.257295934768,15.921064250677
936,591.06736931726,0.85814449328409,-0.47538792298312,1231.6472075866,19.007957494686,-10.554805489344
937,591.02759453579,-1.7670933147149,3.4340121008598,1229.9853485872,-37.357079502123,72.8058658112
938,591.0805769372,1.2882320921212,1.4137563099474,1231.2598858101,28.366256085053,31.061603092653
939,591.02093030858,-2.0450032793194,2.9482323286182,1230.156235712,-43.631297386709,63.058431343487
940,591.06172366653,-2.6408060714127,-0.33379296093889,1230.8027453705,-57.522956874991,-7.2049358120093
941,591.03039571986,0.1924395413798,-4.3483874795489,1232.4426693375,3.2846935374133,-76.637486406991
942,591.01651459956,1.9217498464833,-1.1641709138153,1231.0666504987,42.11618484172,-25.577764431369
943,591.01100241263,-0.36944792742368,-2.7708367442846,1230.7097237174,-8.1048717781124,-60.258484629291
944,591.00182355045,-0.36672491821952,2.1365418498011,1231.1142746578,-7.9984709901576,46.921635672494
945,591.07011103028,1.1567910058531,-3.0571996221783,1230.3810125306,24.825732912516,-65.83796471911
946,591.00487400941,2.1647384879109,0.037914000149128,1231.1158310272,47.531444298584,0.77804884395303
947,591.07456901749,0.4775449341476,-3.4864864169284,1230.2060138107,10.130636671088,-74.601441883479
948,591.09125145165,-3.0866073000814,3.1637166003974,1232.1926928863,-55.118300018627,56.649959380063
949,591.0138862825,0.0096516327574149,1.4107874052234,1231.4957106473,0.24706496430342,31.20935474384
950,591.03232302553,-4.6550977605801,0.38934907964308,1230.197756345,-92.813238224234,7.878318738703
951,591.09526999093,-2.9864235318452,-3.4328537681206,1229.8859705937,-60.926841914586,-69.864616017261
952,591.09263089212,3.5555147627384,1.9748585479508,1229.8817711792,74.736528260845,41.396722089495
953,591.02850097321,4.6745099581261,-0.39641217874523,1230.5089937955,91.58406403462,-7.8831742114123
954,591.01764750934,0.30094350773237,-1.851680360295,1231.275796617,6.5821465242033,-40.791595506039
955,591.07702172191,-3.6426127367135,-2.4837687507515,1229.8127724564,-75.209674236766,-51.151213640485
956,591.01447776423,1.1051208871207,0.21662621618355,1231.6013953922,24.501656098885,4.7731627980102
957,591.07208340253,-1.7375358003225,-1.8837159706527,1230.8679120854,-37.944867947118,-41.043374483918
958,591.02456574915,-3.3583277603746,-2.7269450133927,1229.8074667342,-69.77580546116,-56.519726463592
959,591.05110632593,-3.3942751496022,-2.3484965751865,1229.8569721418,-71.219936389458,-49.153217278536
960,591.02436002702,-1.9624859447453,-1.9746153456396,1230.7183290535,-42.733094204243,-42.899468863312
961,591.02754641222,4.1400301281444,-2.1995435120836,1230.3555665927,81.724696373051,-43.550400608279
962,591.00409323098,2.6271939578826,3.0741964703054,1229.8907874763,55.387824076135,64.657823135211
963,591.08291069983,-0.16487873704754,-0.15198499367742,1231.7820786403,-3.6311812905488,-3.4020825181924
964,591.03165575836,1.3414667333703,0.64604634678032,1231.4633684466,29.665672800001,14.245377939925
965,591.03722518717,-2.48164345599,0.31803616611171,1230.9087120559,-54.201101027255,7.0089314619808
966,591.07667635242,2.1267469296463,1.4226444216686,1230.8706114528,46.421546822978,30.976583680479
967,591.03135392694,0.1697290950127,4.3122142669569,1229.8098699133,3.6318274147487,89.554376439547
968,591.08127886563,-0.22509224452255,-0.6408194826204,1231.721757067,-5.0130185112734,-14.212041261667
969,591.00328182302,-1.4199939800925,-0.040087045321711,1231.4910050691,-31.417767040487,-0.85264292022337
970,591.06736347533,-3.4367763852453,-3.0597096256357,1229.9602021962,-69.647312697253,-61.854579280143
971,591.00483746428,-4.2803895195339,0.8119101054308,1229.8091214229,-88.675273854387,16.929634273967
972,591.06039715202,4.0403187334057,0.77551471260354,1229.8592156131,84.766121653541,16.167374632387
973,591.06817417362,-1.8304046699255,0.041095980017659,1231.3019149595,-40.297872858135,0.95085428421986
974,591.00325730972,-0.82303564211818,3.2453200445876,1230.3209483484,-17.622181980727,69.825591393392
975,591.044141045,-0.33470322759944,-4.124091066298,1229.8532468881,-7.1164534273296,-86.421436421227
976,591.07384170198,0.45678996458759,3.9164109328952,1229.942905499,9.7424641692356,82.688964064812
978,591.03616633695,1.9084829851734,-3.8623419225079,1229.8121521551,39.556492086583,-80.29427339414
979,591.02672041052,-2.5048282725532,-0.70440201742743,1230.8429092661,-54.659744879105,-15.304747266727
980,591.08132416536,-0.78733012624869,2.2386937590067,1230.9915022783,-17.162517694365,48.974755201379
981,591.09680304069,-1.5581637853634,-2.0074858793045,1230.8828063193,-34.030858664902,-43.743158756715
982,591.04328036208,-1.1882492195135,-1.4218289035013,1231.2882821225,-26.200450055656,-31.280605915583
983,591.0404244982,3.3966994110553,2.3722558067244,1229.8506602911,71.229279954,49.621451884482
984,591.03352777324,4.1619696007422,-1.2574737869017,1232.4676839375,73.228885494222,-22.236128756267
985,591.0157675492,0.90413544215276,0.49219812857547,1231.6307143559,20.062749526644,10.895562260532
986,591.00198259759,-0.94819212672861,-0.62913367828529,1231.5966063669,-21.035118459956,-13.925574257562
987,591.06007982175,1.5830409702885,-0.933986263013,1231.2974441041,34.831209560615,-20.603999115822
988,591.01898292984,3.2319249363767,2.8886334205443,1229.8062973882,67.124638693129,59.851193117667
989,591.02822662877,1.0311340818325,0.79607849231668,1231.5365887951,22.840949693997,17.595545671933
990,591.01306975578,0.28733565689517,0.68456897963156,1231.7074799307,6.4020254799328,15.196995948676
991,591.07934787587,2.3818183599026,-0.92845737896612,1230.872199074,51.926113351077,-20.309084610671
992,591.09751512429,-2.4897465599749,3.8038103341975,1229.8821270945,-50.650740119814,77.587350455635
993,591.09833486399,-0.96206779418547,1.9502820806092,1231.1125357641,-21.038539916859,42.77154222567
994,591.01110206971,2.830427973876,0.57649926927311,1230.6467252003,61.472801526079,12.448143482867
995,591.01764407045,1.0602895116539,-0.37055857863389,1231.6025628606,23.491732635714,-8.2413043173394
996,591.08979862022,0.42478795534658,4.2049935405442,1229.8282379825,8.9620677633505,87.679406333058
997,591.06091577606,-0.87720326198701,-0.45255534064728,1231.6449765254,-19.453232885318,-10.010128543287
998,591.00805982811,0.031435025644519,-0.74643188075716,1231.706852852,0.67784244066888,-16.581388246315
999,591.04150229587,3.0425014367744,0.38888212539971,1230.5204675274,65.815898362319,8.3363798122242
1000,591.01735308967,-2.2999289839893,2.5836769529987,1230.2442091936,-49.257100922628,55.463210459002
